Card,Tipo,Cidade,Bairro,Dormitorios,Suites,Banheiros,Vagas,Area_construida,Valor
https://www.lindalvoimoveis.com.br/imovel/casa-de-250-m-na-rua-montevideo-cassino-rio-grande-rs-a-venda-por-850000/CA0593-LINL?from=sale,Casa,Rio Grande,Cassino,4,1,2,6,250.0,850000.0
https://www.lindalvoimoveis.com.br/imovel/sobrado-de-380-m-na-rua-carlos-gomes-centro-rio-grande-rs-a-venda-por-1200000/SO0147-LINL?from=sale,Sobrado,Rio Grande,Centro,3,3,2,4,380.0,1200000.0
https://www.lindalvoimoveis.com.br/imovel/casa-de-140-m-na-rua-cachoeira-cassino-rio-grande-rs-a-venda-por-1060000/CA0878-LINL?from=sale,Casa,Rio Grande,Cassino,3,1,1,2,140.0,1060000.0
https://www.lindalvoimoveis.com.br/imovel/casa-de-172-m-na-rua-paraiba-miguel-de-castro-moreira-rio-grande-rs-a-venda-por-320000/CA0637-LINL?from=sale,Casa,Rio Grande,Miguel de Castro Moreira,3,2,3,2,172.0,320000.0
https://www.lindalvoimoveis.com.br/imovel/apartamento-de-68-m-na-rua-gomes-freire-centro-rio-grande-rs-a-venda-por-450000/AP0181-LINL?from=sale,Apartamento,Rio Grande,Centro,2,1,1,1,68.0,450000.0
https://www.lindalvoimoveis.com.br/imovel/casa-de-110-m-na-rua-gravatai-cassino-rio-grande-rs-a-venda-por-380000/CA0944-LINL?from=sale,Casa,Rio Grande,Cassino,3,1,1,1,110.0,380000.0
https://www.lindalvoimoveis.com.br/imovel/sobrado-a-venda-125-m-por-520000-cassino-rio-grande-rs/SO0188-LINL?from=sale,Sobrado,Rio Grande,Cassino,2,1,1,4,125.0,520000.0
https://www.lindalvoimoveis.com.br/imovel/casa-com-2-dormitorios-a-venda-90-m-por-275000-bolaxa-rio-grande-rs/CA0936-LINL?from=sale,Casa,Rio Grande,Bolaxa,2,2,1,2,90.0,275000.0
https://www.lindalvoimoveis.com.br/imovel/otimo-ap-com-3-dormitorios-com-suite-e-garagem-meia-quadra-do-big/AP0533-LINL?from=sale,Apartamento,Rio Grande,Centro,3,1,1,1,92.0,265000.0
https://www.lindalvoimoveis.com.br/imovel/sobrado-com-3-dormitorios-a-venda-230-m-por-350000-parque-residencial-salgado-filho-rio-grande-rs/SO0196-LINL?from=sale,Sobrado,Rio Grande,Parque Residencial Salgado Filho,3,1,1,2,230.0,350000.0
https://www.lindalvoimoveis.com.br/imovel/casa-com-3-dormitorios-a-venda-120-m-por-420000-cassino-rio-grande-rs/CA0843-LINL?from=sale,Casa,Rio Grande,Cassino,3,1,1,1,120.0,420000.0
https://www.lindalvoimoveis.com.br/imovel/casa-de-220-m-na-rua-paulino-modernell-cassino-rio-grande-rs-a-venda-por-430000/CA0083-LINL?from=sale,Casa,Rio Grande,Cassino,6,3,3,5,220.0,430000.0
https://www.lindalvoimoveis.com.br/imovel/casa-de-76-m-na-alameda-caxias-do-sul-cassino-rio-grande-rs-a-venda-por-370000/CA0951-LINL?from=sale,Casa,Rio Grande,Cassino,3,1,1,2,76.0,370000.0
https://www.lindalvoimoveis.com.br/imovel/excelente-apartamento-a-meia-quadra-do-canalete/AP0541-LINL?from=sale,Apartamento,Rio Grande,Cidade Nova,3,1,1,1,101.0,370000.0
https://www.lindalvoimoveis.com.br/imovel/sobrado-com-3-dormitorios-a-venda-cassino-rio-grande-rs/SO0165-LINL?from=sale,Sobrado,Rio Grande,Cassino,3,1,1,3,200.0,550000.0
https://www.lindalvoimoveis.com.br/imovel/casa-de-171-m-na-rua-antonio-da-fonseca-moraes-cassino-rio-grande-rs-a-venda-por-426000/CA0047-LINL?from=sale,Casa,Rio Grande,Cassino,3,1,3,2,171.0,426000.0
https://www.lindalvoimoveis.com.br/imovel/sobrado-de-200-m-na-rua-francisco-marques-centro-rio-grande-rs-a-venda-por-420000/SO0142-LINL?from=sale,Sobrado,Rio Grande,Centro,3,1,3,1,200.0,420000.0
https://www.lindalvoimoveis.com.br/imovel/casa-de-130-m-na-rua-sao-jose-do-norte-vila-maria-jose-rio-grande-rs-a-venda-por-200000/CA0670-LINL?from=sale,Casa,Rio Grande,Vila Maria José,3,1,1,1,130.0,200000.0
https://www.lindalvoimoveis.com.br/imovel/sobrado-de-1-m-na-rua-paulino-modernell-cassino-rio-grande-rs-a-venda-por-700000/SO0006-LINL?from=sale,Sobrado,Rio Grande,Cassino,5,2,4,3,1.0,700000.0
https://www.lindalvoimoveis.com.br/imovel/sobrado-de-200-m-na-avenida-cassino-cassino-rio-grande-rs-a-venda-por-400000/SO0045-LINL?from=sale,Sobrado,Rio Grande,Cassino,2,2,3,3,200.0,400000.0
https://www.lindalvoimoveis.com.br/imovel/casa-com-2-dormitorios-a-venda-400-m-cassino-rio-grande-rs/CA0847-LINL?from=sale,Casa,Rio Grande,Cassino,2,2,2,4,400.0,1100000.0
https://www.lindalvoimoveis.com.br/imovel/sobrado-de-180-m-na-rua-americo-vespucio-nossa-senhora-dos-navegantes-rio-grande-rs-a-venda-por-380000/SO0094-LINL?from=sale,Sobrado,Rio Grande,Nossa Senhora dos Navegantes,3,1,2,2,180.0,380000.0
https://www.lindalvoimoveis.com.br/imovel/sobrado-de-198-m-na-rua-gaspar-de-lemos-vila-nossa-senhora-dos-navegantes-rio-grande-rs-a-venda-por-380000/SO0160-LINL?from=sale,Sobrado,Rio Grande,Vila Nossa Senhora dos Navegantes,4,1,3,3,198.0,380000.0
https://www.lindalvoimoveis.com.br/imovel/sobrado-de-315-m-na-rua-sao-borja-cassino-rio-grande-rs-a-venda-por-1431000/SO0031-LINL?from=sale,Sobrado,Rio Grande,Cassino,5,2,3,2,315.0,1431000.0
https://www.lindalvoimoveis.com.br/imovel/apartamento-central-de-alto-de-padrao-muito-amplo-com-4-dormitorios-sendo-1-suite-com-hidromassagem2-box-cobertos-piscina-salao-de-festas/AP0717-LINL?from=sale,Apartamento,Rio Grande,Centro,4,1,3,2,280.0,1200000.0
https://www.lindalvoimoveis.com.br/imovel/casa-de-282-m-na-rua-manoel-francisco-moita-cassino-rio-grande-rs-a-venda-por-700000/CA0209-LINL?from=sale,Casa,Rio Grande,Cassino,3,1,2,4,282.0,700000.0
https://www.lindalvoimoveis.com.br/imovel/sobrado-bem-localizado-na-rua-moron-nao-aceita-financiamento/SO0171-LINL?from=sale,Sobrado,Rio Grande,Centro,3,2,2,2,240.0,250000.0
https://www.lindalvoimoveis.com.br/imovel/apartamento-com-2-dormitorios-a-venda-110-m-cassino-rio-grande-rs/AP0433-LINL?from=sale,Apartamento,Rio Grande,Cassino,2,1,1,1,100.0,605000.0
https://www.lindalvoimoveis.com.br/imovel/sobrado-a-venda-230-m-por-850000-cassino-rio-grande-rs/SO0193-LINL?from=sale,Sobrado,Rio Grande,Cassino,4,1,2,4,230.0,850000.0
https://www.lindalvoimoveis.com.br/imovel/apartamento-de-alto-padrao-no-canalete/AP0503-LINL?from=sale,Apartamento,Rio Grande,Centro,3,1,1,1,100.0,550000.0
https://www.lindalvoimoveis.com.br/imovel/casa-de-125-m-na-rua-francisco-marques-centro-rio-grande-rs-a-venda-por-250000/CA0551-LINL?from=sale,Casa,Rio Grande,Centro,2,1,2,1,125.0,250000.0
https://www.lindalvoimoveis.com.br/imovel/casa-de-350-m-na-alameda-caxias-do-sul-cassino-rio-grande-rs-a-venda-por-1500000/CA0643-LINL?from=sale,Casa,Rio Grande,Cassino,2,2,3,4,350.0,1500000.0
https://www.lindalvoimoveis.com.br/imovel/casa-de-377-m-na-rua-andrade-neves-centro-rio-grande-rs-a-venda-por-1600000/CA0952-LINL?from=sale,Casa,Rio Grande,Centro,4,1,1,5,377.0,1600000.0
https://www.lindalvoimoveis.com.br/imovel/sobrado-de-270-m-na-rua-general-portinho-centro-rio-grande-rs-a-venda-por-900000/SO0164-LINL?from=sale,Sobrado,Rio Grande,Centro,4,1,2,5,270.0,900000.0
https://www.lindalvoimoveis.com.br/imovel/casa-de-200-m-na-rua-paulo-leiria-parque-residencial-salgado-filho-rio-grande-rs-a-venda-por-500000/CA0347-LINL?from=sale,Casa,Rio Grande,Parque Residencial Salgado Filho,3,1,1,2,200.0,500000.0
https://www.lindalvoimoveis.com.br/imovel/sobrado-de-190-m-na-rua-gaspar-de-lemos-parque-residencial-coelho-rio-grande-rs-a-venda-por-420000/SO0083-LINL?from=sale,Sobrado,Rio Grande,Parque Residencial Coelho,4,1,1,6,190.0,420000.0
https://www.lindalvoimoveis.com.br/imovel/apartamento-com-3-dormitorios-a-venda-98-m-por-850000-cassino-rio-grande-rs/AP0664-LINL?from=sale,Apartamento,Rio Grande,Cassino,3,1,1,1,98.0,850000.0
https://www.lindalvoimoveis.com.br/imovel/casa-de-160-m-na-rua-antonio-da-fonseca-moraes-cassino-rio-grande-rs-a-venda-por-430000/CA0048-LINL?from=sale,Casa,Rio Grande,Cassino,2,1,3,3,160.0,430000.0
https://www.lindalvoimoveis.com.br/imovel/casa-de-85-m-na-rua-professor-fernando-eduardo-freire-cassino-rio-grande-rs-a-venda-por-360000/CA0029-LINL?from=sale,Casa,Rio Grande,Cassino,3,1,3,8,85.0,360000.0
https://www.lindalvoimoveis.com.br/imovel/casa-de-350-m-na-travessa-joao-touguinha-centro-rio-grande-rs-a-venda-por-1500000/CA0359-LINL?from=sale,Casa,Rio Grande,Centro,3,1,3,2,350.0,1500000.0
https://www.lindalvoimoveis.com.br/imovel/apartamento-de-120-m-na-rua-visconde-do-rio-branco-cidade-nova-rio-grande-rs-a-venda-por-420000/AP0319-LINL?from=sale,Apartamento,Rio Grande,Cidade Nova,2,1,1,1,120.0,420000.0
https://www.lindalvoimoveis.com.br/imovel/casa-de-485-m-na-rua-doutor-cyrio-carlos-campani-cassino-rio-grande-rs-a-venda-por-1400000/CA0087-LINL?from=sale,Casa,Rio Grande,Cassino,13,2,10,3,485.0,1400000.0
https://www.lindalvoimoveis.com.br/imovel/casa-de-74-m-na-avenida-nova-atlantica-cassino-rio-grande-rs-a-venda-por-286200/CA0113-LINL?from=sale,Casa,Rio Grande,Cassino,2,1,2,3,74.0,286200.0
https://www.lindalvoimoveis.com.br/imovel/casa-de-164-m-na-rua-radialista-dolar-tanus-cassino-rio-grande-rs-a-venda-por-1300000/CA0702-LINL?from=sale,Casa,Rio Grande,Cassino,3,1,3,7,164.0,1300000.0
https://www.lindalvoimoveis.com.br/imovel/casa-com-2-dormitorios-a-venda-114-m-por-340000-cassino-rio-grande-rs/CA0537-LINL?from=sale,Casa,Rio Grande,Cassino,2,1,1,3,114.0,340000.0
https://www.lindalvoimoveis.com.br/imovel/casa-com-3-dormitorios-a-venda-230-m-por-1200000-cassino-rio-grande-rs/CA0845-LINL?from=sale,Casa,Rio Grande,Cassino,3,1,1,4,230.0,1200000.0
https://www.lindalvoimoveis.com.br/imovel/casa-de-220-m-na-rua-fermino-amaral-senandes-rio-grande-rs-a-venda-por-180000/CA0369-LINL?from=sale,Casa,Rio Grande,Senandes,2,1,2,3,220.0,180000.0
https://www.lindalvoimoveis.com.br/imovel/sobrado-a-venda-160-m-por-366000-cassino-rio-grande-rs/SO0200-LINL?from=sale,Sobrado,Rio Grande,Cassino,2,1,1,2,160.0,366000.0
https://www.lindalvoimoveis.com.br/imovel/sobrado-de-64-m-na-rodovia-br-471-quinta-rio-grande-rs-a-venda-por-350000/SO0004-LINL?from=sale,Sobrado,Rio Grande,Quinta,2,1,2,1,64.0,350000.0
https://www.lindalvoimoveis.com.br/imovel/casa-de-150-m-na-rua-a-bolaxa-rio-grande-rs-a-venda-por-230000/CA0236-LINL?from=sale,Casa,Rio Grande,Bolaxa,3,1,1,4,150.0,230000.0
https://www.lindalvoimoveis.com.br/imovel/sobrado-de-84-m-na-rua-soedy-wildt-dos-santos-cassino-rio-grande-rs-a-venda-por-300000/SO0041-LINL?from=sale,Sobrado,Rio Grande,Cassino,2,1,2,7,84.0,300000.0
https://www.lindalvoimoveis.com.br/imovel/casa-alto-padrao-na-praia-do-cassino/SO0206-LINL?from=sale,Sobrado,Rio Grande,Cassino,4,1,2,5,292.0,1280000.0
https://www.lindalvoimoveis.com.br/imovel/casa-com-3-dormitorios-a-venda-230-m-por-450000-parque-guanabara-rio-grande-rs/CA0565-LINL?from=sale,Casa,Rio Grande,Parque Guanabara,3,1,3,5,230.0,450000.0
https://www.lindalvoimoveis.com.br/imovel/casa-com-4-dormitorios-a-venda-patio-garagem-para-6-carros-e-muito-mais-ver-a-descricao/CA0988-LINL?from=sale,Casa,Rio Grande,Parque Residencial Salgado Filho,4,2,1,6,305.0,900000.0
https://www.lindalvoimoveis.com.br/imovel/sobrado-de-175-m-na-rua-herval-do-sul-cassino-rio-grande-rs-a-venda-por-650000/SO0024-LINL?from=sale,Sobrado,Rio Grande,Cassino,3,1,2,2,175.0,650000.0
https://www.lindalvoimoveis.com.br/imovel/casa-de-150-m-na-rua-saul-porto-getulio-vargas-rio-grande-rs-a-venda-por-170000/CA0514-LINL?from=sale,Casa,Rio Grande,Getúlio Vargas,3,1,2,1,150.0,170000.0
https://www.lindalvoimoveis.com.br/imovel/apartamento-de-150-m-na-rua-dom-bosco-cidade-nova-rio-grande-rs-a-venda-por-490000/AP0171-LINL?from=sale,Apartamento,Rio Grande,Cidade Nova,3,1,1,1,150.0,490000.0
https://www.lindalvoimoveis.com.br/imovel/casa-de-202-m-na-rua-joao-manoel-paranhos-bolaxa-rio-grande-rs-a-venda-por-500000/CA0641-LINL?from=sale,Casa,Rio Grande,Bolaxa,2,1,2,3,202.0,500000.0
https://www.lindalvoimoveis.com.br/imovel/sobrado-de-160-m-na-avenida-luiz-leivas-otero-cassino-rio-grande-rs-a-venda-por-230000/SO0176-LINL?from=sale,Sobrado,Rio Grande,Cassino,4,1,1,2,160.0,230000.0
https://www.lindalvoimoveis.com.br/imovel/casa-de-110-m-na-rua-ferroviario-antonio-de-souza-netto-cassino-rio-grande-rs-a-venda-por-295000/CA0146-LINL?from=sale,Casa,Rio Grande,Cassino,4,1,2,4,110.0,295000.0
https://www.lindalvoimoveis.com.br/imovel/casa-com-4-dormitorios-a-venda-162-m-por-420000-cassino-rio-grande-rs/CA0978-LINL?from=sale,Casa,Rio Grande,Cassino,4,1,1,4,162.0,420000.0
https://www.lindalvoimoveis.com.br/imovel/sobrado-de-150-m-na-avenida-brasil-cassino-rio-grande-rs-a-venda-por-350000/SO0095-LINL?from=sale,Sobrado,Rio Grande,Cassino,4,1,3,3,150.0,350000.0
https://www.lindalvoimoveis.com.br/imovel/casa-com-3-dormitorios-a-venda-130-m-por-500000-cassino-rio-grande-rs/CA0685-LINL?from=sale,Casa,Rio Grande,Cassino,3,1,2,2,130.0,500000.0
https://www.lindalvoimoveis.com.br/imovel/casa-de-180-m-na-rua-panambi-cassino-rio-grande-rs-a-venda-por-350000/CA0709-LINL?from=sale,Casa,Rio Grande,Cassino,2,2,4,4,180.0,350000.0
https://www.lindalvoimoveis.com.br/imovel/sobrado-de-250-m-na-rua-santa-vitoria-cassino-rio-grande-rs-a-venda-por-1000000/SO0133-LINL?from=sale,Sobrado,Rio Grande,Cassino,6,1,2,3,250.0,1000000.0
https://www.lindalvoimoveis.com.br/imovel/casa-de-235-m-na-rua-santa-maria-cassino-rio-grande-rs-a-venda-por-945000/CA0602-LINL?from=sale,Casa,Rio Grande,Cassino,3,1,3,4,235.0,945000.0
https://www.lindalvoimoveis.com.br/imovel/casa-de-200-m-na-rua-paulino-modernell-cassino-rio-grande-rs-a-venda-por-424000/CA0229-LINL?from=sale,Casa,Rio Grande,Cassino,3,1,2,6,200.0,424000.0
https://www.lindalvoimoveis.com.br/imovel/belissima-casa-cidade-nova/CA0769-LINL?from=sale,Casa,Rio Grande,Cidade Nova,3,3,4,5,400.0,820000.0
https://www.lindalvoimoveis.com.br/imovel/casa-de-250-m-na-rua-luiz-germano-cassino-rio-grande-rs-a-venda-por-550000/CA0668-LINL?from=sale,Casa,Rio Grande,Cassino,4,1,3,3,250.0,550000.0
https://www.lindalvoimoveis.com.br/imovel/casa-de-65-m-na-rua-tiradentes-cidade-nova-rio-grande-rs-a-venda-por-500000-ou-aluguel-por-2000-mes/CA0376-LINL?from=sale,Casa,Rio Grande,Cidade Nova,1,1,2,4,65.0,500000.0
https://www.lindalvoimoveis.com.br/imovel/casa-no-cassino-rio-grande-rs/CA0906-LINL?from=sale,Casa,Rio Grande,Cassino,5,2,1,6,120.0,370000.0
https://www.lindalvoimoveis.com.br/imovel/casa-de-170-m-na-rua-dos-platanos-cassino-rio-grande-rs-a-venda-por-1200000/CA0844-LINL?from=sale,Casa,Rio Grande,Cassino,3,2,2,4,170.0,1200000.0
https://www.lindalvoimoveis.com.br/imovel/casa-de-esquina-otima-localizacao-com-piscina/CA0553-LINL?from=sale,Casa,Rio Grande,Cassino,4,1,3,6,420.0,1200000.0
https://www.lindalvoimoveis.com.br/imovel/apartamento-de-100-m-na-rua-doutor-nascimento-centro-rio-grande-rs-a-venda-por-480000/AP0473-LINL?from=sale,Apartamento,Rio Grande,Centro,3,1,1,1,100.0,480000.0
https://www.lindalvoimoveis.com.br/imovel/casa-de-80-m-na-rua-dezenove-cassino-rio-grande-rs-a-venda-por-320000/CA0223-LINL?from=sale,Casa,Rio Grande,Cassino,2,2,2,3,80.0,320000.0
https://www.lindalvoimoveis.com.br/imovel/casa-com-2-dormitorios-a-venda-200-m-por-450000-cassino-rio-grande-rs/CA0858-LINL?from=sale,Casa,Rio Grande,Cassino,2,1,1,1,200.0,450000.0
https://www.lindalvoimoveis.com.br/imovel/casa-de-280-m-na-avenida-senador-tarso-dutra-parque-residencial-jardim-do-sol-rio-grande-rs-a-venda-por-580000/CA0466-LINL?from=sale,Casa,Rio Grande,Parque Residencial Jardim do Sol,3,1,2,5,280.0,580000.0
https://www.lindalvoimoveis.com.br/imovel/apartamento-de-120-m-na-avenida-silva-paes-centro-rio-grande-rs-a-venda-por-430000/AP0596-LINL?from=sale,Apartamento,Rio Grande,Centro,3,2,3,1,120.0,430000.0
https://www.lindalvoimoveis.com.br/imovel/apartamento-com-4-dormitorios-240-m-venda-por-850000-ou-aluguel-por-3800-mes-centro-rio-grande-rs/AP0700-LINL?from=sale,Apartamento,Rio Grande,Centro,4,2,3,1,240.0,850000.0
https://www.lindalvoimoveis.com.br/imovel/casa-de-85-m-na-rua-trinta-cassino-rio-grande-rs-a-venda-por-590000/CA0118-LINL?from=sale,Casa,Rio Grande,Cassino,4,1,4,2,85.0,590000.0
https://www.lindalvoimoveis.com.br/imovel/casa-de-90-m-na-rua-professora-odette-ribeiro-seus-cassino-rio-grande-rs-a-venda-por-250000/CA0214-LINL?from=sale,Casa,Rio Grande,Cassino,4,1,2,4,90.0,250000.0
https://www.lindalvoimoveis.com.br/imovel/casa-de-223-m-na-rua-guarda-marinha-greenhalg-getulio-vargas-rio-grande-rs-a-venda-por-380000/CA0484-LINL?from=sale,Casa,Rio Grande,Getúlio Vargas,4,2,4,3,223.0,380000.0
https://www.lindalvoimoveis.com.br/imovel/casa-de-200-m-na-praca-sete-de-setembro-centro-rio-grande-rs-a-venda-por-550000/CA0555-LINL?from=sale,Casa,Rio Grande,Centro,4,1,4,1,200.0,550000.0
https://www.lindalvoimoveis.com.br/imovel/apartamento-de-140-m-na-rua-barao-de-cotegipe-areal-rio-grande-rs-a-venda-por-550000/AP0649-LINL?from=sale,Apartamento,Rio Grande,Areal,3,2,1,2,140.0,550000.0
https://www.lindalvoimoveis.com.br/imovel/casa-de-350-m-na-rua-senador-salgado-filho-parque-residencial-salgado-filho-rio-grande-rs-a-venda-por-850000/CA0616-LINL?from=sale,Casa,Rio Grande,Parque Residencial Salgado Filho,4,1,4,6,350.0,850000.0
https://www.lindalvoimoveis.com.br/imovel/chacara-de-19-hectares-na-rodovia-br-471-quinta-rio-grande-rs-a-venda-por-750000/CH0005-LINL?from=sale,Chácara,Rio Grande,Quinta,3,1,2,1,0.0,750000.0
https://www.lindalvoimoveis.com.br/imovel/casa-de-200-m-na-rua-osmar-granello-cassino-rio-grande-rs-a-venda-por-380000/CA0071-LINL?from=sale,Casa,Rio Grande,Cassino,3,1,3,5,200.0,380000.0
https://www.lindalvoimoveis.com.br/imovel/casa-de-190-m-na-rua-buarque-de-macedo-cidade-nova-rio-grande-rs-a-venda-por-550000/CA0314-LINL?from=sale,Casa,Rio Grande,Cidade Nova,3,1,2,3,190.0,550000.0
https://www.lindalvoimoveis.com.br/imovel/casa-de-160-m-na-rua-mascarenhas-de-moraes-getulio-vargas-rio-grande-rs-a-venda-por-210000/CA0687-LINL?from=sale,Casa,Rio Grande,Getúlio Vargas,3,1,2,1,160.0,210000.0
https://www.lindalvoimoveis.com.br/imovel/casa-de-175-m-na-rua-coronel-sampaio-centro-rio-grande-rs-a-venda-por-300000/CA0107-LINL?from=sale,Casa,Rio Grande,Centro,3,1,4,3,175.0,300000.0
https://www.lindalvoimoveis.com.br/imovel/casa-de-2-m-na-rua-nair-costa-mattos-cassino-rio-grande-rs-a-venda-por-340000-ou-aluguel-por-300-dia/CA0131-LINL?from=sale,Casa,Rio Grande,Cassino,3,1,1,4,2.0,340000.0
https://www.lindalvoimoveis.com.br/imovel/casa-de-185-m-na-rua-matheo-tonietti-parque-residencial-salgado-filho-rio-grande-rs-a-venda-por-290000/CA0760-LINL?from=sale,Casa,Rio Grande,Parque Residencial Salgado Filho,2,0,2,1,185.0,290000.0
https://www.lindalvoimoveis.com.br/imovel/apartamento-com-2-dormitorios-a-venda-55-m-cassino-rio-grande-rs/AP0512-LINL?from=sale,Apartamento,Rio Grande,Cassino,2,0,1,1,55.0,298000.0
https://www.lindalvoimoveis.com.br/imovel/casa-de-250-m-na-rua-antonio-simao-numa-cassino-rio-grande-rs-a-venda-por-400000/CA0092-LINL?from=sale,Casa,Rio Grande,Cassino,2,0,2,3,250.0,400000.0
https://www.lindalvoimoveis.com.br/imovel/casa-de-300-m-na-rua-do-quartel-cassino-rio-grande-rs-a-venda-por-180000/CA0190-LINL?from=sale,Casa,Rio Grande,Cassino,3,0,2,6,300.0,180000.0
https://www.lindalvoimoveis.com.br/imovel/casa-com-3-dormitorios-a-venda-180-m-por-320000-vila-sao-miguel-rio-grande-rs/CA0682-LINL?from=sale,Casa,Rio Grande,Vila São Miguel,3,0,2,1,180.0,320000.0
https://www.lindalvoimoveis.com.br/imovel/casa-de-180-m-na-rua-ana-pernigotti-bolaxa-rio-grande-rs-a-venda-por-403000/CA0251-LINL?from=sale,Casa,Rio Grande,Bolaxa,3,0,2,3,180.0,403000.0
https://www.lindalvoimoveis.com.br/imovel/apartamento-de-75-m-na-avenida-atlantica-cassino-rio-grande-rs-a-venda-por-290000/AP0005-LINL?from=sale,Apartamento,Rio Grande,Cassino,2,0,2,1,75.0,290000.0
https://www.lindalvoimoveis.com.br/imovel/casa-de-126-m-na-avenida-primeiro-de-maio-vila-hidraulica-rio-grande-rs-a-venda-por-290000/CA0326-LINL?from=sale,Casa,Rio Grande,Vila Hidráulica,2,0,1,2,126.0,290000.0
https://www.lindalvoimoveis.com.br/imovel/apartamento-de-75-m-na-rua-n-cassino-rio-grande-rs-a-venda-por-271000/AP0014-LINL?from=sale,Apartamento,Rio Grande,Cassino,2,0,1,1,75.0,271000.0
https://www.lindalvoimoveis.com.br/imovel/sobrado-de-120-m-na-rua-capitao-lemos-farias-lar-gaucho-rio-grande-rs-a-venda-por-250000/SO0162-LINL?from=sale,Sobrado,Rio Grande,Lar Gaúcho,2,0,2,1,120.0,250000.0
https://www.lindalvoimoveis.com.br/imovel/apartamento-de-68-m-na-avenida-italia-vila-maria-jose-rio-grande-rs-a-venda-por-165000/AP0094-LINL?from=sale,Apartamento,Rio Grande,Vila Maria José,2,0,1,1,68.0,165000.0
https://www.lindalvoimoveis.com.br/imovel/casa-de-57-m-na-rua-tia-laura-barroni-canuso-cassino-rio-grande-rs-a-venda-por-212000/CA0986-LINL?from=sale,Casa,Rio Grande,Cassino,2,0,1,2,57.0,212000.0
https://www.lindalvoimoveis.com.br/imovel/so-avista-135-mil-casa-recem-reformada-com-garagem/CA0875-LINL?from=sale,Casa,Rio Grande,Vila Braz,2,0,1,2,65.0,135000.0
https://www.lindalvoimoveis.com.br/imovel/apartamento-com-2-dormitorios-65-m-venda-por-360000-ou-aluguel-por-900-ano-cassino-rio-grande-rs/AP0051-LINL?from=sale,Apartamento,Rio Grande,Cassino,2,0,1,1,65.0,360000.0
https://www.lindalvoimoveis.com.br/imovel/apartamento-com-2-dormitorios-a-venda-120-m-por-220000-centro-rio-grande-rs/AP0584-LINL?from=sale,Apartamento,Rio Grande,Centro,2,0,2,1,120.0,220000.0
https://www.lindalvoimoveis.com.br/imovel/casa-de-270-m-na-rua-vice-almirante-abreu-centro-rio-grande-rs-a-venda-por-424000/CA0488-LINL?from=sale,Casa,Rio Grande,Centro,4,0,2,2,270.0,424000.0
https://www.lindalvoimoveis.com.br/imovel/casa-muito-ampla-com-4-dormitorio-garagem-p-3-carros-com-patio-arborizado-aceita-financiamento-e-aceita-permuta-ap-de-3-dorm/CA0930-LINL?from=sale,Casa,Rio Grande,Centro,4,0,2,3,260.0,750000.0
https://www.lindalvoimoveis.com.br/imovel/sobrado-de-94-m-na-rua-quatro-zona-portuaria-rio-grande-rs-a-venda-por-96000/SO0108-LINL?from=sale,Sobrado,Rio Grande,Zona Portuária,2,0,2,1,94.0,96000.0
https://www.lindalvoimoveis.com.br/imovel/apartamento-de-68-m-na-avenida-italia-vila-maria-jose-rio-grande-rs-a-venda-por-150000/AP0726-LINL?from=sale,Apartamento,Rio Grande,Vila Maria José,2,0,1,1,68.0,150000.0
https://www.lindalvoimoveis.com.br/imovel/casa-de-60-m-na-rua-visconde-de-maua-cidade-nova-rio-grande-rs-a-venda-por-180000/CA0400-LINL?from=sale,Casa,Rio Grande,Cidade Nova,2,0,1,1,60.0,180000.0
https://www.lindalvoimoveis.com.br/imovel/casa-de-50-m-na-rua-abdala-nader-getulio-vargas-rio-grande-rs-a-venda-por-80000/CA0238-LINL?from=sale,Casa,Rio Grande,Getúlio Vargas,1,0,1,1,50.0,80000.0
https://www.lindalvoimoveis.com.br/imovel/casa-de-100-m-na-rua-ferroviario-antonio-de-souza-netto-cassino-rio-grande-rs-a-venda-por-350000/CA0148-LINL?from=sale,Casa,Rio Grande,Cassino,3,0,2,4,100.0,350000.0
https://www.lindalvoimoveis.com.br/imovel/casa-a-venda-vila-santa-rosa-rio-grande-rs/CA0800-LINL?from=sale,Casa,Rio Grande,Vila Santa Rosa,2,0,1,1,80.0,150000.0
https://www.lindalvoimoveis.com.br/imovel/2-casas-no-mesmo-terreno-aceita-permuta-por-casa-menor-ou-2-apartamentos/CA0962-LINL?from=sale,Casa,Rio Grande,Vila Nossa Senhora dos Navegantes,3,0,2,1,59.0,280000.0
https://www.lindalvoimoveis.com.br/imovel/sobrado-de-569-m-na-rua-apelles-porto-alegre-centro-rio-grande-rs-a-venda-por-580000/SO0148-LINL?from=sale,Sobrado,Rio Grande,Centro,6,0,2,2,569.0,580000.0
https://www.lindalvoimoveis.com.br/imovel/sobrado-de-200-m-na-rua-deputado-fernando-ferrari-getulio-vargas-rio-grande-rs-a-venda-por-250000/SO0153-LINL?from=sale,Sobrado,Rio Grande,Getúlio Vargas,3,0,2,1,200.0,250000.0
https://www.lindalvoimoveis.com.br/imovel/apartamento-com-2-dormitorios-proximo-a-praia-e-av-rio-grande/AP0321-LINL?from=sale,Apartamento,Rio Grande,Cassino,2,0,1,2,50.0,190000.0
https://www.lindalvoimoveis.com.br/imovel/casa-de-85-m-na-avenida-cassino-cassino-rio-grande-rs-a-venda-por-180000/CA0039-LINL?from=sale,Casa,Rio Grande,Cassino,3,0,2,4,85.0,180000.0
https://www.lindalvoimoveis.com.br/imovel/apartamento-de-51-m-na-avenida-nova-atlantica-cassino-rio-grande-rs-a-venda-por-190000/AP0018-LINL?from=sale,Apartamento,Rio Grande,Cassino,2,0,1,1,51.0,190000.0
https://www.lindalvoimoveis.com.br/imovel/sobrado-com-2-dormitorios-a-venda-76-m-por-320000-cassino-rio-grande-rs/SO0190-LINL?from=sale,Sobrado,Rio Grande,Cassino,2,0,1,2,76.0,320000.0
https://www.lindalvoimoveis.com.br/imovel/casa-de-178-m-na-rua-republica-do-haiti-frederico-ernesto-buchholz-rio-grande-rs-a-venda-por-212000/CA0985-LINL?from=sale,Casa,Rio Grande,Frederico Ernesto Buchholz,3,0,2,4,178.0,212000.0
https://www.lindalvoimoveis.com.br/imovel/casa-de-87-m-na-rua-sao-jose-do-norte-vila-maria-jose-rio-grande-rs-a-venda-por-190000/CA0892-LINL?from=sale,Casa,Rio Grande,Vila Maria José,2,0,2,1,87.0,190000.0
https://www.lindalvoimoveis.com.br/imovel/casa-residencial-a-venda-cidade-nova-rio-grande-ca0494/CA0494-LINL?from=sale,Casa,Rio Grande,Cidade Nova,2,0,1,10,335.0,530000.0
https://www.lindalvoimoveis.com.br/imovel/apartamento-de-50-m-na-avenida-presidente-vargas-sao-paulo-rio-grande-rs-a-venda-por-115000/AP0313-LINL?from=sale,Apartamento,Rio Grande,São Paulo,1,0,1,2,50.0,115000.0
https://www.lindalvoimoveis.com.br/imovel/casa-de-1-m-na-rua-das-palmeiras-cassino-rio-grande-rs-a-venda-por-320000/CA0027-LINL?from=sale,Casa,Rio Grande,Cassino,1,0,1,3,1.0,320000.0
https://www.lindalvoimoveis.com.br/imovel/casa/CA0588-LINL?from=sale,Casa,Rio Grande,Vila Nossa Senhora de Fátima,2,0,1,1,50.0,130000.0
https://www.lindalvoimoveis.com.br/imovel/casa-de-130-m-na-rua-manoel-fangueiro-cassino-rio-grande-rs-a-venda-por-220000/CA0292-LINL?from=sale,Casa,Rio Grande,Cassino,4,0,2,3,130.0,220000.0
https://www.lindalvoimoveis.com.br/imovel/casa-de-90-m-na-rua-allan-kardec-parque-residencial-salgado-filho-rio-grande-rs-a-venda-por-100000/CA0739-LINL?from=sale,Casa,Rio Grande,Parque Residencial Salgado Filho,2,0,1,1,90.0,100000.0
https://www.lindalvoimoveis.com.br/imovel/casa-de-1-m-na-rua-porto-alegre-cassino-rio-grande-rs-a-venda-por-742000/CA0115-LINL?from=sale,Casa,Rio Grande,Cassino,3,0,3,6,1.0,742000.0
https://www.lindalvoimoveis.com.br/imovel/casa-de-100-m-na-rua-c-vila-da-quinta-rio-grande-rs-a-venda-por-315000/CA0320-LINL?from=sale,Casa,Rio Grande,Vila da Quinta,2,0,2,2,100.0,315000.0
https://www.lindalvoimoveis.com.br/imovel/sobrado-de-107-m-na-rua-manoel-francisco-moita-cassino-rio-grande-rs-a-venda-por-590000/SO0157-LINL?from=sale,Sobrado,Rio Grande,Cassino,3,0,2,3,107.0,590000.0
https://www.lindalvoimoveis.com.br/imovel/casa-de-230-m-na-rua-alvaro-delfino-lar-gaucho-rio-grande-rs-a-venda-por-330000/CA0717-LINL?from=sale,Casa,Rio Grande,Lar Gaúcho,3,0,2,1,230.0,330000.0
https://www.lindalvoimoveis.com.br/imovel/casa-de-120-m-na-rua-engenheiro-sergio-luiz-carlos-rheingantz-pernigotti-cassino-rio-grande-rs-a-venda-por-295000/CA0267-LINL?from=sale,Casa,Rio Grande,Cassino,3,0,1,2,120.0,295000.0
https://www.lindalvoimoveis.com.br/imovel/casa-de-100-m-na-rua-manoel-da-ponte-jeronimo-cassino-rio-grande-rs-a-venda-por-340000/CA0089-LINL?from=sale,Casa,Rio Grande,Cassino,2,0,3,3,100.0,340000.0
https://www.lindalvoimoveis.com.br/imovel/apartamento-com-3-dormitorios-70-m-venda-por-500000-ou-aluguel-por-1500-ano-cassino-rio-grande-rs/AP0682-LINL?from=sale,Apartamento,Rio Grande,Cassino,3,0,2,1,70.0,500000.0
https://www.lindalvoimoveis.com.br/imovel/sobrado-de-200-m-na-rua-general-vitorino-centro-rio-grande-rs-a-venda-por-480000/SO0080-LINL?from=sale,Sobrado,Rio Grande,Centro,4,0,2,2,200.0,480000.0
https://www.lindalvoimoveis.com.br/imovel/sobrado-de-52-m-na-rua-angelo-trindade-vila-maria-jose-rio-grande-rs-a-venda-por-149900/SO0093-LINL?from=sale,Sobrado,Rio Grande,Vila Maria José,2,0,1,1,52.0,149900.0
https://www.lindalvoimoveis.com.br/imovel/aceita-financiamento-ap-2-dormnovo-nunca-habitado-sem-garagem-quitado/AP0614-LINL?from=sale,Apartamento,Rio Grande,Vila São João,2,0,1,1,47.0,137000.0
https://www.lindalvoimoveis.com.br/imovel/casa-com-2-dormitorios-a-venda-76-m-por-320000-bolaxa-rio-grande-rs/CA0827-LINL?from=sale,Casa,Rio Grande,Bolaxa,2,0,2,1,76.0,320000.0
https://www.lindalvoimoveis.com.br/imovel/apartamento-de-59-m-na-rua-caramuru-cidade-nova-rio-grande-rs-a-venda-por-170000/AP0061-LINL?from=sale,Apartamento,Rio Grande,Cidade Nova,2,0,1,1,59.0,170000.0
https://www.lindalvoimoveis.com.br/imovel/casa-de-104-m-na-avenida-nova-atlantica-cassino-rio-grande-rs-a-venda-por-300000/CA0152-LINL?from=sale,Casa,Rio Grande,Cassino,4,0,2,3,104.0,300000.0
https://www.lindalvoimoveis.com.br/imovel/cobertura-de-110-m-na-rua-dos-buganviles-cassino-rio-grande-rs-a-venda-por-320000/CO0001-LINL?from=sale,Cobertura,Rio Grande,Cassino,2,0,1,1,110.0,320000.0
https://www.lindalvoimoveis.com.br/imovel/otima-casa-na-cidade-nova-proxima-ao-canalete-aceita-permuta-por-ap-3-dormitorios-com-box/CA0799-LINL?from=sale,Casa,Rio Grande,Cidade Nova,2,0,1,1,130.0,450000.0
https://www.lindalvoimoveis.com.br/imovel/casa-de-120-m-na-rua-andrade-neves-centro-rio-grande-rs-a-venda-por-250000/CA0425-LINL?from=sale,Casa,Rio Grande,Centro,3,0,1,1,120.0,250000.0
https://www.lindalvoimoveis.com.br/imovel/casa-de-77-m-na-rua-angelo-trindade-vila-maria-jose-rio-grande-rs-a-venda-por-130000/CA0239-LINL?from=sale,Casa,Rio Grande,Vila Maria José,2,0,1,1,77.0,130000.0
https://www.lindalvoimoveis.com.br/imovel/casa-de-170-m-na-rua-buarque-de-macedo-cidade-nova-rio-grande-rs-a-venda-por-460000/CA0728-LINL?from=sale,Casa,Rio Grande,Cidade Nova,3,0,2,2,170.0,460000.0
https://www.lindalvoimoveis.com.br/imovel/casa-com-3-dormitorios-a-venda-1-m-por-270000-cassino-rio-grande-rs/CA0035-LINL?from=sale,Casa,Rio Grande,Cassino,3,0,1,3,1.0,270000.0
https://www.lindalvoimoveis.com.br/imovel/rancho-de-80-m-na-rua-engenheiro-sergio-luiz-carlos-rheingantz-pernigotti-cassino-rio-grande-rs-a-venda-por-390000/RA0001-LINL?from=sale,Rancho,Rio Grande,Cassino,2,0,1,5,80.0,390000.0
https://www.lindalvoimoveis.com.br/imovel/casa-em-condominio-com-2-dormitorios-cidade-nova-rio-grande-rs/CA0903-LINL?from=sale,Casa,Rio Grande,Cidade Nova,2,0,1,1,52.0,230000.0
https://www.lindalvoimoveis.com.br/imovel/casa-de-250-m-na-avenida-engenheira-lucia-maria-balbela-chiesa-bolaxa-rio-grande-rs-a-venda-por-690000/CA0652-LINL?from=sale,Casa,Rio Grande,Bolaxa,2,0,3,9,250.0,690000.0
https://www.lindalvoimoveis.com.br/imovel/apartamento-premium-mobiliado-no-residencial-braganca/AP0702-LINL?from=sale,Apartamento,Rio Grande,Vila São Miguel,2,0,1,1,48.0,179000.0
https://www.lindalvoimoveis.com.br/imovel/casa-de-60-m-na-alameda-quarenta-e-sete-cassino-rio-grande-rs-a-venda-por-180000/CA0433-LINL?from=sale,Casa,Rio Grande,Cassino,1,0,1,8,60.0,180000.0
https://www.lindalvoimoveis.com.br/imovel/casa-de-45-m-na-rua-carlos-dos-santos-souza-bolaxa-rio-grande-rs-a-venda-por-150000/CA0261-LINL?from=sale,Casa,Rio Grande,Bolaxa,2,0,1,3,45.0,150000.0
https://www.lindalvoimoveis.com.br/imovel/sobrado-de-230-m-na-rua-visconde-do-rio-branco-cidade-nova-rio-grande-rs-a-venda-por-380000/SO0197-LINL?from=sale,Sobrado,Rio Grande,Cidade Nova,4,0,2,1,230.0,380000.0
https://www.lindalvoimoveis.com.br/imovel/casa-de-120-m-na-rua-angelo-trindade-vila-maria-jose-rio-grande-rs-a-venda-por-200000/CA0802-LINL?from=sale,Casa,Rio Grande,Vila Maria José,3,0,1,2,120.0,200000.0
https://www.lindalvoimoveis.com.br/imovel/casa-de-96-m-na-avenida-brasil-cassino-rio-grande-rs-a-venda-por-250000/CA0128-LINL?from=sale,Casa,Rio Grande,Cassino,2,0,1,2,96.0,250000.0
https://www.lindalvoimoveis.com.br/imovel/casa-com-3-dormitorios-cassino/CA0726-LINL?from=sale,Casa,Rio Grande,Cassino,3,0,1,6,85.0,235000.0
https://www.lindalvoimoveis.com.br/imovel/apartamento-de-50-m-na-rua-colombia-america-rio-grande-rs-a-venda-por-180000/AP0027-LINL?from=sale,Apartamento,Rio Grande,América,2,0,1,1,50.0,180000.0
https://www.lindalvoimoveis.com.br/imovel/sobrado-de-1-m-na-rua-ana-pernigotti-bolaxa-rio-grande-rs-a-venda-por-85000/SO0012-LINL?from=sale,Sobrado,Rio Grande,Bolaxa,3,0,2,6,1.0,85000.0
https://www.lindalvoimoveis.com.br/imovel/casa-de-160-m-na-rua-maria-pereira-bolaxa-rio-grande-rs-a-venda-por-265000/CA0575-LINL?from=sale,Casa,Rio Grande,Bolaxa,2,0,1,1,160.0,265000.0
https://www.lindalvoimoveis.com.br/imovel/sobrado-de-473-m-na-rua-antonio-simao-numa-cassino-rio-grande-rs-a-venda-por-1200000/SO0071-LINL?from=sale,Sobrado,Rio Grande,Cassino,4,0,4,4,473.0,1200000.0
https://www.lindalvoimoveis.com.br/imovel/apartamento-de-68-m-na-avenida-italia-vila-maria-jose-rio-grande-rs-a-venda-por-160000/AP0252-LINL?from=sale,Apartamento,Rio Grande,Vila Maria José,2,0,1,1,68.0,160000.0
https://www.lindalvoimoveis.com.br/imovel/sobrado-de-72-m-na-rua-ana-pernigotti-bolaxa-rio-grande-rs-a-venda-por-290000/SO0172-LINL?from=sale,Sobrado,Rio Grande,Bolaxa,2,0,2,1,72.0,290000.0
https://www.lindalvoimoveis.com.br/imovel/localizacao-privilegiada-na-praia-do-cassino/CA0899-LINL?from=sale,Casa,Rio Grande,Cassino,2,0,1,4,110.0,350000.0
https://www.lindalvoimoveis.com.br/imovel/casa-de-200-m-na-rua-sao-paulo-cassino-rio-grande-rs-a-venda-por-450000/CA0017-LINL?from=sale,Casa,Rio Grande,Cassino,2,0,1,2,200.0,450000.0
https://www.lindalvoimoveis.com.br/imovel/casa-de-122-m-na-rua-guadalajara-vila-maria-rio-grande-rs-a-venda-por-210000/CA0243-LINL?from=sale,Casa,Rio Grande,Vila Maria,2,0,1,2,122.0,210000.0
https://www.lindalvoimoveis.com.br/imovel/sobrado-de-60-m-na-rua-f-castelo-branco-rio-grande-rs-a-venda-por-150000/SO0044-LINL?from=sale,Sobrado,Rio Grande,Castelo Branco,2,0,1,5,60.0,150000.0
https://www.lindalvoimoveis.com.br/imovel/casa-de-70-m-na-estrada-senandes-senandes-rio-grande-rs-a-venda-por-117000/CA0612-LINL?from=sale,Casa,Rio Grande,Senandes,2,0,1,4,70.0,117000.0
https://www.lindalvoimoveis.com.br/imovel/apartamento-de-110-m-na-rua-joao-anunziato-filho-parque-residencial-jardim-do-sol-rio-grande-rs-a-venda-por-371000/AP0237-LINL?from=sale,Apartamento,Rio Grande,Parque Residencial Jardim do Sol,3,0,1,2,110.0,371000.0
https://www.lindalvoimoveis.com.br/imovel/casa-de-150-m-na-avenida-brasil-cassino-rio-grande-rs-a-venda-por-160000/CA0160-LINL?from=sale,Casa,Rio Grande,Cassino,5,0,3,3,150.0,160000.0
https://www.lindalvoimoveis.com.br/imovel/casa-de-60-m-na-rua-victor-canuso-cassino-rio-grande-rs-a-venda-por-220000/CA0185-LINL?from=sale,Casa,Rio Grande,Cassino,2,0,1,2,60.0,220000.0
https://www.lindalvoimoveis.com.br/imovel/casa-de-80-m-na-rua-fahum-nader-fares-cassino-rio-grande-rs-a-venda-por-370000/CA0370-LINL?from=sale,Casa,Rio Grande,Cassino,1,0,1,1,80.0,370000.0
https://www.lindalvoimoveis.com.br/imovel/2-sobrados-a-uma-quadra-da-av-portugal-aceita-financiamento/SO0205-LINL?from=sale,Sobrado,Rio Grande,Cidade Nova,5,0,4,1,201.0,450000.0
https://www.lindalvoimoveis.com.br/imovel/190-mil-preco-de-lancamento-apartamento-novo-de-2-dorm-na-buarque-de-macedo-aceita-financiamento-e-box-de-garagem-coberto-por-20-mil/AP0713-LINL?from=sale,Apartamento,Rio Grande,Cidade Nova,2,0,1,1,62.0,190000.0
https://www.lindalvoimoveis.com.br/imovel/casa-de-180-m-na-rua-doutor-vaz-dias-junior-cassino-rio-grande-rs-a-venda-por-850000/CA0102-LINL?from=sale,Casa,Rio Grande,Cassino,3,0,2,2,180.0,850000.0
https://www.lindalvoimoveis.com.br/imovel/apartamento-de-75-m-na-rua-ijui-cassino-rio-grande-rs-a-venda-por-330000/AP0013-LINL?from=sale,Apartamento,Rio Grande,Cassino,2,0,1,2,75.0,330000.0
https://www.lindalvoimoveis.com.br/imovel/casa-no-buchholz-com-2-d-garagem-patio-em-rua-calcada-aceita-financiamento-mediante-conclusao-de-inventario/CA0933-LINL?from=sale,Casa,Rio Grande,Frederico Ernesto Buchholz,2,0,1,1,69.0,240000.0
https://www.lindalvoimoveis.com.br/imovel/apartamento-de-500-m-na-estrada-roberto-socoowski-vila-sao-joao-rio-grande-rs-a-venda-por-1450000/AP0388-LINL?from=sale,Apartamento,Rio Grande,Vila São João,2,0,1,6,500.0,1450000.0
https://www.lindalvoimoveis.com.br/imovel/casa-de-145-m-na-rua-visconde-do-rio-grande-cidade-nova-rio-grande-rs-a-venda-por-430000/CA0859-LINL?from=sale,Casa,Rio Grande,Cidade Nova,3,0,3,4,145.0,430000.0
https://www.lindalvoimoveis.com.br/imovel/nao-aceita-financimento-casa-residencial-a-venda-vila-maria-rio-grande/CA0335-LINL?from=sale,Casa,Rio Grande,Vila Maria,2,0,1,1,60.0,120000.0
https://www.lindalvoimoveis.com.br/imovel/casa-de-80-m-na-rua-elik-wolf-i-vila-senandes-rio-grande-rs-a-venda-por-200000/CA0044-LINL?from=sale,Casa,Rio Grande,Vila Senandes,3,0,1,2,80.0,200000.0
https://www.lindalvoimoveis.com.br/imovel/casa-com-2-dormitorios-a-venda-90-m-por-280000-cassino-rio-grande-rs/CA0804-LINL?from=sale,Casa,Rio Grande,Cassino,2,0,2,2,90.0,280000.0
https://www.lindalvoimoveis.com.br/imovel/casa-de-150-m-na-rua-vereador-alfredo-cassahy-cassino-rio-grande-rs-a-venda-por-190000/CA0201-LINL?from=sale,Casa,Rio Grande,Cassino,1,0,2,1,150.0,190000.0
https://www.lindalvoimoveis.com.br/imovel/oportunidade-no-cassino-casa-com-2-dormitorios-50-m-por-190000-cassino-rio-grande-rs/CA0764-LINL?from=sale,Casa,Rio Grande,Cassino,2,0,1,1,50.0,195000.0
https://www.lindalvoimoveis.com.br/imovel/casa-com-2-dormitorios-a-venda-54-m-por-170000-bolaxa-rio-grande-rs/CA0939-LINL?from=sale,Casa,Rio Grande,Bolaxa,2,0,1,6,54.0,170000.0
https://www.lindalvoimoveis.com.br/imovel/casa-de-200-m-na-rua-gomes-freire-centro-rio-grande-rs-a-venda-por-500000/CA0385-LINL?from=sale,Casa,Rio Grande,Centro,5,0,2,1,200.0,500000.0
https://www.lindalvoimoveis.com.br/imovel/barbada-casa-com-2-dormitorios-a-venda-50-m-por-195000-parque-guanabara-rio-grande-rs/CA0977-LINL?from=sale,Casa,Rio Grande,Cassino,2,0,1,1,50.0,195000.0
https://www.lindalvoimoveis.com.br/imovel/casa-de-180-m-na-rua-cento-e-vinte-e-sete-vila-senandes-rio-grande-rs-a-venda-por-280000/CA0207-LINL?from=sale,Casa,Rio Grande,Vila Senandes,3,0,3,3,180.0,280000.0
https://www.lindalvoimoveis.com.br/imovel/sobrado-no-bgv-aceita-permuta-por-ap-proximo-ao-ife/SO0204-LINL?from=sale,Sobrado,Rio Grande,Getúlio Vargas,2,0,1,1,20.0,180000.0
https://www.lindalvoimoveis.com.br/imovel/casa-com-2-dormitorios-para-reforma-cassino-rio-grande-rs/CA0680-LINL?from=sale,Casa,Rio Grande,Cassino,2,0,2,3,220.0,190000.0
https://www.lindalvoimoveis.com.br/imovel/apartamento-de-140-m-na-rua-carlos-gomes-centro-rio-grande-rs-a-venda-por-720000/AP0577-LINL?from=sale,Apartamento,Rio Grande,Centro,3,0,3,1,140.0,720000.0
https://www.lindalvoimoveis.com.br/imovel/casa-com-2-dormitorios-a-venda-70-m-por-190000-cassino-rio-grande-rs/CA0697-LINL?from=sale,Casa,Rio Grande,Cassino,2,0,11,6,70.0,190000.0
https://www.lindalvoimoveis.com.br/imovel/apartamento-de-65-m-na-avenida-italia-vila-maria-jose-rio-grande-rs-a-venda-por-160000/AP0107-LINL?from=sale,Apartamento,Rio Grande,Vila Maria José,3,0,1,1,65.0,160000.0
https://www.lindalvoimoveis.com.br/imovel/sobrado-de-54-m-na-rodovia-br-471-quinta-rio-grande-rs-a-venda-por-160000/SO0003-LINL?from=sale,Sobrado,Rio Grande,Quinta,3,0,1,3,54.0,160000.0
https://www.lindalvoimoveis.com.br/imovel/casa-de-70-m-na-rua-neto-antonio-nossa-senhora-dos-navegantes-rio-grande-rs-a-venda-por-125000/CA0505-LINL?from=sale,Casa,Rio Grande,Nossa Senhora dos Navegantes,2,0,1,1,70.0,125000.0
https://www.lindalvoimoveis.com.br/imovel/apartamento-de-55-m-na-avenida-presidente-vargas-vila-juncao-rio-grande-rs-a-venda-por-255000/AP0083-LINL?from=sale,Apartamento,Rio Grande,Vila Junção,2,0,1,1,55.0,255000.0
https://www.lindalvoimoveis.com.br/imovel/casa-de-90-m-na-rua-padre-antonio-carlos-carvalho-leitao-bolaxa-rio-grande-rs-a-venda-por-270000/CA0902-LINL?from=sale,Casa,Rio Grande,Bolaxa,2,0,1,4,90.0,270000.0
https://www.lindalvoimoveis.com.br/imovel/casa-de-85-m-na-rua-oswaldo-dos-santos-farias-cassino-rio-grande-rs-a-venda-por-220000/CA0234-LINL?from=sale,Casa,Rio Grande,Cassino,1,0,1,6,85.0,220000.0
https://www.lindalvoimoveis.com.br/imovel/excelente-localizacao-no-cassino-sobrado-com-7-dormitorios-270-m-venda-por-600000-ou-aluguel-por-mes-cassino-rio-grande-rs/SO0192-LINL?from=sale,Sobrado,Rio Grande,Cassino,7,0,3,4,270.0,495000.0
https://www.lindalvoimoveis.com.br/imovel/apartamento-com-2-dormitorios-a-venda-60-m-por-220000-sao-paulo-rio-grande-rs/AP0539-LINL?from=sale,Apartamento,Rio Grande,São Paulo,2,0,1,1,60.0,220000.0
https://www.lindalvoimoveis.com.br/imovel/casa-de-120-m-na-rua-padre-feijo-cidade-nova-rio-grande-rs-a-venda-por-180000/CA0453-LINL?from=sale,Casa,Rio Grande,Cidade Nova,2,0,1,1,120.0,180000.0
https://www.lindalvoimoveis.com.br/imovel/casa-com-2-dormitorios-a-venda-134-m-por-190000-vila-sao-miguel-rio-grande-rs/CA0932-LINL?from=sale,Casa,Rio Grande,Vila São Miguel,2,0,1,1,134.0,190000.0
https://www.lindalvoimoveis.com.br/imovel/aceita-troca-por-ap-no-centro-com-3-dormitorios-com-elevador-e-garagem-casa-super-bem-localizada-na-rua-duque-de-caxias/CA0943-LINL?from=sale,Casa,Rio Grande,Centro,3,0,2,1,260.0,380000.0
https://www.lindalvoimoveis.com.br/imovel/casa-de-120-m-na-rua-do-riacho-cassino-rio-grande-rs-a-venda-por-270000/CA0109-LINL?from=sale,Casa,Rio Grande,Cassino,2,0,2,2,120.0,270000.0
https://www.lindalvoimoveis.com.br/imovel/sobrado-de-85-m-na-rua-das-palmeiras-cassino-rio-grande-rs-a-venda-por-390000/SO0183-LINL?from=sale,Sobrado,Rio Grande,Cassino,2,0,1,5,85.0,390000.0
https://www.lindalvoimoveis.com.br/imovel/casa-de-180-m-na-rua-elik-wolf-ii-vila-senandes-rio-grande-rs-a-venda-por-550000/CA0523-LINL?from=sale,Casa,Rio Grande,Vila Senandes,3,0,2,17,180.0,550000.0
https://www.lindalvoimoveis.com.br/imovel/casa-de-230-m-na-avenida-dos-bandeirantes-vila-juncao-rio-grande-rs-a-venda-por-300000/CA0307-LINL?from=sale,Casa,Rio Grande,Vila Junção,2,0,1,4,230.0,300000.0
https://www.lindalvoimoveis.com.br/imovel/apartamento-de-48-m-na-estrada-roberto-socoowski-vila-sao-miguel-rio-grande-rs-a-venda-por-137800/AP0287-LINL?from=sale,Apartamento,Rio Grande,Vila São Miguel,2,0,1,1,48.0,137800.0
https://www.lindalvoimoveis.com.br/imovel/casa-com-3-dormitorios-a-venda-120-m-por-250000-vila-sao-joao-rio-grande-rs/CA0449-LINL?from=sale,Casa,Rio Grande,Vila São João,3,0,1,1,120.0,250000.0
https://www.lindalvoimoveis.com.br/imovel/apartamento-de-47-m-na-estrada-roberto-socoowski-vila-sao-joao-rio-grande-rs-a-venda-por-170000/AP0613-LINL?from=sale,Apartamento,Rio Grande,Vila São João,2,0,1,1,47.0,170000.0
https://www.lindalvoimoveis.com.br/imovel/casa-com-3-dormitorios-230-m-venda-por-175000-ou-aluguel-por-1300-mes-parque-marinha-rio-grande-rs/CA0870-LINL?from=sale,Casa,Rio Grande,Parque Marinha,3,0,2,2,230.0,175000.0
https://www.lindalvoimoveis.com.br/imovel/casa-de-65-m-na-rua-do-quartel-cassino-rio-grande-rs-a-venda-por-120000/CA0112-LINL?from=sale,Casa,Rio Grande,Cassino,2,0,1,1,65.0,120000.0
https://www.lindalvoimoveis.com.br/imovel/180-mil-aceita-financiamento-casa-2d-com-patio/CA0947-LINL?from=sale,Casa,Rio Grande,Parque Residencial São Pedro,2,0,1,1,60.0,180000.0
https://www.lindalvoimoveis.com.br/imovel/casa-de-120-m-na-alameda-vereador-alberto-martins-da-silva-cassino-rio-grande-rs-a-venda-por-350000/CA0237-LINL?from=sale,Casa,Rio Grande,Cassino,2,0,1,6,120.0,350000.0
https://www.lindalvoimoveis.com.br/imovel/otima-casa-com-3-dorm-piscina-terreno-30-x-100-aceita-veiculo-ou-chacara-na-regiao-de-pelotas-ate-350-mil/CA0917-LINL?from=sale,Casa,Rio Grande,Sitio Santa Cruz,3,0,1,2,150.0,275000.0
https://www.lindalvoimoveis.com.br/imovel/barbada-so-110-mil-so-venda-aceita-proposta/SO0203-LINL?from=sale,Sobrado,Rio Grande,Vila Maria José,2,0,1,1,52.0,110000.0
https://www.lindalvoimoveis.com.br/imovel/casa-de-110-m-na-rua-paulino-modernell-cassino-rio-grande-rs-a-venda-por-380000/CA0138-LINL?from=sale,Casa,Rio Grande,Cassino,4,0,2,6,110.0,380000.0
https://www.lindalvoimoveis.com.br/imovel/casa-de-96-m-na-avenida-brasil-cassino-rio-grande-rs-a-venda-por-190000/CA0306-LINL?from=sale,Casa,Rio Grande,Cassino,2,0,1,2,96.0,190000.0
https://www.lindalvoimoveis.com.br/imovel/sobrado-de-120-m-na-rua-francisco-marques-centro-rio-grande-rs-a-venda-por-260000/SO0127-LINL?from=sale,Sobrado,Rio Grande,Centro,2,0,2,1,120.0,260000.0
https://www.lindalvoimoveis.com.br/imovel/recanto-de-portugal/AP0671-LINL?from=sale,Apartamento,Rio Grande,Cidade Nova,2,0,1,1,59.0,190000.0
https://www.lindalvoimoveis.com.br/imovel/apartamento-de-47-m-na-estrada-roberto-socoowski-vila-sao-joao-rio-grande-rs-a-venda-por-149900/AP0193-LINL?from=sale,Apartamento,Rio Grande,Vila São João,2,0,1,1,47.0,149900.0
https://www.lindalvoimoveis.com.br/imovel/casa-de-170-m-na-rua-gomes-freire-centro-rio-grande-rs-a-venda-por-350000/CA0907-LINL?from=sale,Casa,Rio Grande,Centro,3,0,2,1,170.0,350000.0
https://www.lindalvoimoveis.com.br/imovel/vendo-apartamento-no-condominio-marcilio-dias/AP0676-LINL?from=sale,Apartamento,Rio Grande,Vila Junção,2,0,1,1,55.0,212000.0
https://www.lindalvoimoveis.com.br/imovel/apartamento-de-59-m-na-rua-caramuru-cidade-nova-rio-grande-rs-a-venda-por-350000/AP0134-LINL?from=sale,Apartamento,Rio Grande,Cidade Nova,3,0,1,2,59.0,350000.0
https://www.lindalvoimoveis.com.br/imovel/sobrado-de-259-m-na-rua-julio-de-castilhos-cassino-rio-grande-rs-a-venda-por-530000/SO0040-LINL?from=sale,Sobrado,Rio Grande,Cassino,5,0,3,3,259.0,530000.0
https://www.lindalvoimoveis.com.br/imovel/casa-de-80-m-na-rua-onze-cassino-rio-grande-rs-a-venda-por-150000/CA0167-LINL?from=sale,Casa,Rio Grande,Cassino,4,0,2,5,80.0,150000.0
https://www.lindalvoimoveis.com.br/imovel/casa-com-2-dormitorios-a-venda-98-m-cassino-rio-grande-rs/CA0818-LINL?from=sale,Casa,Rio Grande,Cassino,2,0,1,1,98.0,380000.0
https://www.lindalvoimoveis.com.br/imovel/casa-de-36-m-na-rua-dezenove-cassino-rio-grande-rs-a-venda-por-320000/CA0104-LINL?from=sale,Casa,Rio Grande,Cassino,2,0,1,2,36.0,320000.0
https://www.lindalvoimoveis.com.br/imovel/casa-de-100-m-na-rua-paulino-modernell-cassino-rio-grande-rs-a-venda-por-424000/CA0096-LINL?from=sale,Casa,Rio Grande,Cassino,5,0,4,3,100.0,424000.0
https://www.lindalvoimoveis.com.br/imovel/casa-de-170-m-na-avenida-vereador-candido-cozza-sobrinho-cassino-rio-grande-rs/CA0249-LINL?from=sale,Casa,Rio Grande,Cassino,2,0,1,4,170.0,
https://www.lindalvoimoveis.com.br/imovel/sobrado-de-120-m-na-rua-trinta-e-cinco-cassino-rio-grande-rs-a-venda-por-360000/SO0001-LINL?from=sale,Sobrado,Rio Grande,Cassino,3,0,2,4,120.0,360000.0
https://www.lindalvoimoveis.com.br/imovel/apartamento-com-1-dormitorio-a-venda-55-m-por-140000-vila-juncao-rio-grande-rs/AP0629-LINL?from=sale,Apartamento,Rio Grande,Vila Junção,1,0,1,1,55.0,140000.0
https://www.lindalvoimoveis.com.br/imovel/casa-com-2-dormitorios-a-venda-por-191000-bairro-getulio-vargas/CA0979-LINL?from=sale,Casa,Rio Grande,Getúlio Vargas,2,0,2,1,134.0,191000.0
https://www.lindalvoimoveis.com.br/imovel/apartamento-de-120-m-na-rua-senador-correa-centro-rio-grande-rs-a-venda-por-370000/AP0042-LINL?from=sale,Apartamento,Rio Grande,Centro,3,0,2,1,120.0,370000.0
https://www.lindalvoimoveis.com.br/imovel/excelente-ponto-comercial/SO0154-LINL?from=sale,Sobrado,Rio Grande,Miguel de Castro Moreira,3,0,3,16,350.0,750000.0
https://www.lindalvoimoveis.com.br/imovel/otima-casa-casa-no-senandes-com-arvores-frutiferas-em-terreno-de-15-x-40-escriturado-nao-aceita-finaciamento-terreno-escriturado/CA0867-LINL?from=sale,Casa,Rio Grande,Senandes,3,0,2,11,230.0,250000.0
https://www.lindalvoimoveis.com.br/imovel/sobrado-de-240-m-na-avenida-brasil-cassino-rio-grande-rs-a-venda-por-340000/SO0128-LINL?from=sale,Sobrado,Rio Grande,Cassino,3,0,2,3,240.0,340000.0
https://www.lindalvoimoveis.com.br/imovel/casa-de-100-m-na-rua-bahia-cassino-rio-grande-rs-a-venda-por-295000/CA0669-LINL?from=sale,Casa,Rio Grande,Cassino,4,0,2,3,100.0,295000.0
https://www.lindalvoimoveis.com.br/imovel/casa-com-3-dormitorios-a-venda-114-m-senandes-rio-grande-rs/CA0775-LINL?from=sale,Casa,Rio Grande,Senandes,3,0,2,8,114.0,400000.0
https://www.lindalvoimoveis.com.br/imovel/casa-a-venda-80-m-por-286000-centro-rio-grande-rs/CA0694-LINL?from=sale,Casa,Rio Grande,Centro,2,0,1,1,80.0,286000.0
https://www.lindalvoimoveis.com.br/imovel/casa-de-3-dormitorios-com-garagem-e-um-pequeno-patio-bem-localizada-nao-aceita-financiamento/CA0993-LINL?from=sale,Casa,Rio Grande,Cidade Nova,2,0,1,1,180.0,270000.0
https://www.lindalvoimoveis.com.br/imovel/apartamento-com-otima-localizacao/AP0316-LINL?from=sale,Apartamento,Rio Grande,Cassino,3,0,1,2,70.0,244000.0
https://www.lindalvoimoveis.com.br/imovel/apartamento-de-110-m-na-rua-joao-anunziato-filho-parque-residencial-jardim-do-sol-rio-grande-rs-a-venda-por-350000/AP0152-LINL?from=sale,Apartamento,Rio Grande,Parque Residencial Jardim do Sol,2,0,1,1,110.0,350000.0
https://www.lindalvoimoveis.com.br/imovel/casa-de-140-m-na-rua-doutor-lazaro-ludovico-zamenhof-parque-residencial-coelho-rio-grande-rs-a-venda-por-270000/CA0894-LINL?from=sale,Casa,Rio Grande,Parque Residencial Coelho,3,1,2,0,140.0,270000.0
https://www.lindalvoimoveis.com.br/imovel/casa-de-56-m-na-rua-general-vitorino-centro-rio-grande-rs-a-venda-por-198000/CA0454-LINL?from=sale,Casa,Rio Grande,Centro,1,1,1,0,56.0,198000.0
https://www.lindalvoimoveis.com.br/imovel/2-casas-em-ponto-comercial-terreno-6x30-na-av-buarque-de-macedo-nao-aceita-financiamento/CA0953-LINL?from=sale,Casa,Rio Grande,Cidade Nova,2,1,1,0,100.0,250000.0
https://www.lindalvoimoveis.com.br/imovel/apartamento-de-120-m-na-rua-carlos-gomes-centro-rio-grande-rs-a-venda-por-480000/AP0681-LINL?from=sale,Apartamento,Rio Grande,Centro,3,1,3,0,120.0,480000.0
https://www.lindalvoimoveis.com.br/imovel/otima-casa-cidade/SO0181-LINL?from=sale,Sobrado,Rio Grande,Cidade Nova,4,1,3,0,350.0,1400000.0
https://www.lindalvoimoveis.com.br/imovel/casa-de-169-m-na-rua-zalony-centro-rio-grande-rs-a-venda-por-375000-ou-aluguel-por-1800-mes/CA0538-LINL?from=sale,Casa,Rio Grande,Centro,4,1,3,0,169.0,375000.0
https://www.lindalvoimoveis.com.br/imovel/casa-de-175-m-na-rua-padre-vieira-vila-juncao-rio-grande-rs-a-venda-por-200000/CA0807-LINL?from=sale,Casa,Rio Grande,Vila Junção,2,1,1,0,175.0,200000.0
https://www.lindalvoimoveis.com.br/imovel/casa-de-160-m-na-rua-acacia-rio-grandense-nossa-senhora-dos-navegantes-rio-grande-rs-a-venda-por-350000/CA0910-LINL?from=sale,Casa,Rio Grande,Nossa Senhora dos Navegantes,3,1,1,0,160.0,350000.0
https://www.lindalvoimoveis.com.br/imovel/casa-de-250-m-na-rua-quinze-de-novembro-miguel-de-castro-moreira-rio-grande-rs-a-venda-por-890000/CA0880-LINL?from=sale,Casa,Rio Grande,Miguel de Castro Moreira,2,1,3,0,250.0,890000.0
https://www.lindalvoimoveis.com.br/imovel/casa-de-60-m-na-avenida-rheingantz-parque-residencial-coelho-rio-grande-rs-a-venda-por-106000/CA0322-LINL?from=sale,Casa,Rio Grande,Parque Residencial Coelho,2,1,1,0,60.0,106000.0
https://www.lindalvoimoveis.com.br/imovel/casa-com-5-dormitorios-a-venda-100-m-por-450000-cassino-rio-grande-rs/CA0857-LINL?from=sale,Casa,Rio Grande,Cassino,5,1,1,0,100.0,450000.0
https://www.lindalvoimoveis.com.br/imovel/sobrado-de-120-m-na-rua-zalony-centro-rio-grande-rs-a-venda-por-300000/SO0179-LINL?from=sale,Sobrado,Rio Grande,Centro,2,1,1,0,120.0,300000.0
https://www.lindalvoimoveis.com.br/imovel/apartamento-duplex-de-185-m-na-rua-comendador-henrique-pancada-lagoa-rio-grande-rs-a-venda-por-350000/AD0004-LINL?from=sale,Apartamento duplex,Rio Grande,Lagoa,2,1,1,0,185.0,350000.0
https://www.lindalvoimoveis.com.br/imovel/casa-com-2-dormitorios-a-venda-60-m-por-180000-cassino-rio-grande-rs/CA0872-LINL?from=sale,Casa,Rio Grande,Cassino,2,0,1,0,60.0,180000.0
https://www.lindalvoimoveis.com.br/imovel/apartamento-de-120-m-na-rua-general-bacelar-centro-rio-grande-rs-a-venda-por-320000/AP0645-LINL?from=sale,Apartamento,Rio Grande,Centro,3,0,2,0,120.0,320000.0
https://www.lindalvoimoveis.com.br/imovel/casa-de-100-m-na-rua-dom-bosco-miguel-de-castro-moreira-rio-grande-rs-a-venda-por-350000/CA0568-LINL?from=sale,Casa,Rio Grande,Miguel de Castro Moreira,2,0,1,0,100.0,350000.0
https://www.lindalvoimoveis.com.br/imovel/apartamento-de-48-m-na-estrada-roberto-socoowski-vila-sao-miguel-rio-grande-rs-a-venda-por-150000/AP0716-LINL?from=sale,Apartamento,Rio Grande,Vila São Miguel,2,0,1,0,48.0,150000.0
https://www.lindalvoimoveis.com.br/imovel/apartamento-com-2-dormitorios-a-venda-60-m-por-170000-cidade-nova-rio-grande-rs/AP0670-LINL?from=sale,Apartamento,Rio Grande,Cidade Nova,2,0,1,0,60.0,170000.0
https://www.lindalvoimoveis.com.br/imovel/boa-casa-sem-garagem/CA0527-LINL?from=sale,Casa,Rio Grande,Parque Residencial Salgado Filho,2,0,1,0,60.0,230000.0
https://www.lindalvoimoveis.com.br/imovel/apartamento-de-107-m-na-rua-henrique-bulle-cassino-rio-grande-rs-a-venda-por-450000/AP0048-LINL?from=sale,Apartamento,Rio Grande,Cassino,4,0,2,0,107.0,450000.0
https://www.lindalvoimoveis.com.br/imovel/aceita-financiamento-ou-permuta-por-casa-no-cassino/AP0678-LINL?from=sale,Apartamento,Rio Grande,Centro,2,0,1,0,64.0,200000.0
https://www.lindalvoimoveis.com.br/imovel/casa-com-2-dormitorios-terreno-de-esquina-com-medidas-diferenciadas-cassino-rio-grande-rs/CA0897-LINL?from=sale,Casa,Rio Grande,Cassino,2,0,1,0,110.0,290000.0
https://www.lindalvoimoveis.com.br/imovel/casa-de-230-m-na-rua-matheo-tonietti-parque-residencial-salgado-filho-rio-grande-rs-a-venda-por-395000/CA0513-LINL?from=sale,Casa,Rio Grande,Parque Residencial Salgado Filho,4,0,2,0,230.0,395000.0
https://www.lindalvoimoveis.com.br/imovel/casa-de-150-m-na-rua-principal-distrito-domingos-petroline-rio-grande-rs-a-venda-por-85000/CA0789-LINL?from=sale,Casa,Rio Grande,Distrito Domingos Petroline,2,0,1,0,150.0,85000.0
https://www.lindalvoimoveis.com.br/imovel/sobrado-de-100-m-na-rua-sao-jose-do-norte-vila-maria-jose-rio-grande-rs-a-venda-por-170000/SO0136-LINL?from=sale,Sobrado,Rio Grande,Vila Maria José,2,0,1,0,100.0,170000.0
https://www.lindalvoimoveis.com.br/imovel/apartamento-de-100-m-na-rua-andradas-centro-rio-grande-rs-a-venda-por-430000/AP0155-LINL?from=sale,Apartamento,Rio Grande,Centro,3,0,2,0,100.0,430000.0
https://www.lindalvoimoveis.com.br/imovel/sobrado-com-2-dormitorios-a-venda-150-m-por-160000-zona-portuaria-rio-grande-rs/SO0167-LINL?from=sale,Sobrado,Rio Grande,Zona Portuária,2,0,2,0,150.0,160000.0
https://www.lindalvoimoveis.com.br/imovel/casa-de-80-m-na-rua-visconde-do-rio-branco-cidade-nova-rio-grande-rs-a-venda-por-260000/CA0511-LINL?from=sale,Casa,Rio Grande,Cidade Nova,2,0,1,0,80.0,260000.0
https://www.lindalvoimoveis.com.br/imovel/casa-de-140-m-na-rua-professor-fernando-eduardo-freire-cassino-rio-grande-rs-a-venda-por-530000/CA0051-LINL?from=sale,Casa,Rio Grande,Cassino,3,0,3,0,140.0,530000.0
https://www.lindalvoimoveis.com.br/imovel/apartamento-de-92-m-na-rua-marechal-floriano-peixoto-centro-rio-grande-rs-a-venda-por-318000/AP0573-LINL?from=sale,Apartamento,Rio Grande,Centro,2,0,1,0,92.0,318000.0
https://www.lindalvoimoveis.com.br/imovel/apartamento-de-43-m-na-rua-sao-domingos-savio-cidade-nova-rio-grande-rs-a-venda-por-150000/AP0307-LINL?from=sale,Apartamento,Rio Grande,Cidade Nova,2,0,1,0,43.0,150000.0
https://www.lindalvoimoveis.com.br/imovel/apto-1-dormitorio-cidade-nova/AP0585-LINL?from=sale,Apartamento,Rio Grande,Cidade Nova,1,0,1,0,42.0,110000.0
https://www.lindalvoimoveis.com.br/imovel/casa-de-42-m-na-rua-gamal-abdel-nasser-vila-braz-rio-grande-rs-a-venda-por-110000/CA0877-LINL?from=sale,Casa,Rio Grande,Vila Braz,2,0,1,0,42.0,110000.0
https://www.lindalvoimoveis.com.br/imovel/casa-de-70-m-na-rua-onze-cassino-rio-grande-rs-a-venda-por-140000/CA0542-LINL?from=sale,Casa,Rio Grande,Cassino,2,0,1,0,70.0,140000.0
https://www.lindalvoimoveis.com.br/imovel/casa-de-70-m-na-rua-sady-gaubert-cassino-rio-grande-rs-a-venda-por-195000/CA0199-LINL?from=sale,Casa,Rio Grande,Cassino,2,0,1,0,70.0,195000.0
https://www.lindalvoimoveis.com.br/imovel/apartamento-de-100-m-na-rua-conde-de-porto-alegre-centro-rio-grande-rs-a-venda-por-180000/AP0349-LINL?from=sale,Apartamento,Rio Grande,Centro,2,0,1,0,100.0,180000.0
https://www.lindalvoimoveis.com.br/imovel/casa-de-100-m-na-rua-bento-goncalves-cidade-nova-rio-grande-rs-a-venda-por-250000/CA0695-LINL?from=sale,Casa,Rio Grande,Cidade Nova,2,0,1,0,100.0,250000.0
https://www.lindalvoimoveis.com.br/imovel/otimo-apartamento-de-2-dorm-com-area-ampla-churrasqueira-lavanderia-a-uma-quadra-da-praca-saraiva-aceita-permuta-por-terreno-no-bolaxa-ou-cassino/AP0607-LINL?from=sale,Apartamento,Rio Grande,Cidade Nova,2,0,1,0,80.0,170000.0
https://www.lindalvoimoveis.com.br/imovel/casa-ideal-para-agencia-e-comercio/CA0971-LINL?from=sale,Casa,Rio Grande,Centro,5,0,3,0,260.0,390000.0
https://www.lindalvoimoveis.com.br/imovel/casa-de-250-m-na-rua-da-gavea-parque-marinha-rio-grande-rs-a-venda-por-150000/CA0691-LINL?from=sale,Casa,Rio Grande,Parque Marinha,2,0,1,0,250.0,150000.0
https://www.lindalvoimoveis.com.br/imovel/casa-de-102-m-na-rua-doutor-napoleao-laureano-centro-rio-grande-rs-a-venda-por-275000/CA0501-LINL?from=sale,Casa,Rio Grande,Centro,3,0,2,0,102.0,275000.0
https://www.lindalvoimoveis.com.br/imovel/apartamento-de-53-m-na-rua-almirante-barroso-getulio-vargas-rio-grande-rs-a-venda-por-140000/AP0021-LINL?from=sale,Apartamento,Rio Grande,Getúlio Vargas,1,0,1,0,53.0,140000.0
https://www.lindalvoimoveis.com.br/imovel/apartamento-com-2-dormitorios-60-m-venda-por-96000-ou-aluguel-por-550-mes-getulio-vargas-rio-grande-rs/AP0515-LINL?from=sale,Apartamento,Rio Grande,Getúlio Vargas,2,0,1,0,60.0,96000.0
https://www.lindalvoimoveis.com.br/imovel/apartamento-de-46-m-na-rua-conde-de-porto-alegre-centro-rio-grande-rs-a-venda-por-130000/AP0139-LINL?from=sale,Apartamento,Rio Grande,Centro,1,0,1,0,46.0,130000.0
https://www.lindalvoimoveis.com.br/imovel/aceita-financiamento-otimo-e-amplo-ap-na-rua-bacelar/AP0305-LINL?from=sale,Apartamento,Rio Grande,Centro,2,0,1,0,71.0,175000.0
https://www.lindalvoimoveis.com.br/imovel/casa-de-160-m-na-rua-c-vila-da-quinta-rio-grande-rs-a-venda-por-220000/CA0925-LINL?from=sale,Casa,Rio Grande,Vila da Quinta,2,0,1,0,160.0,220000.0
https://www.lindalvoimoveis.com.br/imovel/apartamento-de-38-m-na-rua-mate-amargo-cassino-rio-grande-rs-a-venda-por-181000/AP0003-LINL?from=sale,Apartamento,Rio Grande,Cassino,1,0,1,0,38.0,181000.0
https://www.lindalvoimoveis.com.br/imovel/apartamento-de-100-m-na-avenida-rio-grande-cassino-rio-grande-rs-a-venda-por-330000/AP0113-LINL?from=sale,Apartamento,Rio Grande,Cassino,3,0,1,0,100.0,330000.0
https://www.lindalvoimoveis.com.br/imovel/nao-aceita-financiamento-salao-ideal-para-comercio-225-m-venda-por-500000-ou-aluguel-por-2750-mes-getulio-vargas-rio-grande-rs/CA0832-LINL?from=sale,Casa,Rio Grande,Getúlio Vargas,1,0,2,0,225.0,500000.0
https://www.lindalvoimoveis.com.br/imovel/apartamento-de-50-m-na-avenida-atlantica-cassino-rio-grande-rs-a-venda-por-295000/AP0247-LINL?from=sale,Apartamento,Rio Grande,Cassino,1,0,1,0,50.0,295000.0
https://www.lindalvoimoveis.com.br/imovel/casa-de-150-m-na-avenida-cidade-de-pelotas-cidade-nova-rio-grande-rs-a-venda-por-320000/CA0788-LINL?from=sale,Casa,Rio Grande,Cidade Nova,2,0,3,0,150.0,320000.0
https://www.lindalvoimoveis.com.br/imovel/ideal-para-investidores-ap-de-2-dorm-na-galeria-papaleo-reformado-mobilia-completa-nova-e-locado-por-30-meses-por-900-taxas-aceita-financi/AP0711-LINL?from=sale,Apartamento,Rio Grande,Centro,2,0,1,0,64.0,245000.0
https://www.lindalvoimoveis.com.br/imovel/casa-de-40-m-na-rua-da-praia-cassino-rio-grande-rs-a-venda-por-106000/CA0080-LINL?from=sale,Casa,Rio Grande,Cassino,2,0,1,0,40.0,106000.0
https://www.lindalvoimoveis.com.br/imovel/casa-com-2-dormitorios-a-venda-130-m-por-290000-cassino-rio-grande-rs/CA0928-LINL?from=sale,Casa,Rio Grande,Cassino,2,0,1,0,130.0,290000.0
https://www.lindalvoimoveis.com.br/imovel/casa-de-112-m-na-rua-vice-almirante-abreu-centro-rio-grande-rs-a-venda-por-260000/CA0779-LINL?from=sale,Casa,Rio Grande,Centro,3,0,1,0,112.0,260000.0
https://www.lindalvoimoveis.com.br/imovel/aceita-financiamento-ap-amplo-com-3-dormitorios-no-4-andar-sem-garagem-cond-250/AP0608-LINL?from=sale,Apartamento,Rio Grande,Cidade Nova,3,0,1,0,68.0,170000.0
https://www.lindalvoimoveis.com.br/imovel/casa-de-65-m-na-rua-doutor-dalton-campos-de-camargo-cassino-rio-grande-rs-a-venda-por-135000/CA0194-LINL?from=sale,Casa,Rio Grande,Cassino,3,0,1,0,65.0,135000.0
https://www.lindalvoimoveis.com.br/imovel/casa-de-150-m-na-porto-quarta-seccao-da-barra-zona-portuaria-rio-grande-rs-a-venda-por-170000/CA0250-LINL?from=sale,Casa,Rio Grande,Zona Portuária,7,0,7,0,150.0,170000.0
https://www.lindalvoimoveis.com.br/imovel/sobrado-de-220-m-na-rua-dom-bosco-miguel-de-castro-moreira-rio-grande-rs-a-venda-por-335000/SO0182-LINL?from=sale,Sobrado,Rio Grande,Miguel de Castro Moreira,2,0,1,0,220.0,335000.0
https://www.lindalvoimoveis.com.br/imovel/casa-de-50-m-na-rua-engenheiro-joao-kramer-de-lima-parque-residencial-sao-pedro-rio-grande-rs-a-venda-por-210000/CA0679-LINL?from=sale,Casa,Rio Grande,Parque Residencial São Pedro,2,0,1,0,50.0,210000.0
https://www.lindalvoimoveis.com.br/imovel/casa-com-2-dormitorios-na-querencia-terreno-12mx25m/CA0980-LINL?from=sale,Casa,Rio Grande,Cassino,2,0,1,0,68.0,112000.0
https://www.lindalvoimoveis.com.br/imovel/sobrado-de-60-m-na-rua-general-abreu-cidade-nova-rio-grande-rs-a-venda-por-150000/SO0186-LINL?from=sale,Sobrado,Rio Grande,Cidade Nova,2,0,1,0,60.0,150000.0
https://www.lindalvoimoveis.com.br/imovel/apartamento-com-2-dormitorios-68-m-venda-por-135000-ou-aluguel-por-550-mes-vila-maria-jose-rio-grande-rs/AP0699-LINL?from=sale,Apartamento,Rio Grande,Vila Maria José,2,0,1,0,68.0,135000.0
https://www.lindalvoimoveis.com.br/imovel/casa-de-52-m-na-rua-saturnino-de-brito-vila-sao-miguel-rio-grande-rs-a-venda-por-150000/CA0402-LINL?from=sale,Casa,Rio Grande,Vila São Miguel,1,0,1,0,52.0,150000.0
https://www.lindalvoimoveis.com.br/imovel/aceita-financiamento-apartamento-amplo-de-2-dormitorios-com-cond-baixo-e-proximo-arua-24-de-maio/AP0657-LINL?from=sale,Apartamento,Rio Grande,Centro,2,0,1,0,60.0,220000.0
https://www.lindalvoimoveis.com.br/imovel/apartamento-de-58-m-na-avenida-almirante-tamandare-nossa-senhora-dos-navegantes-rio-grande-rs-a-venda-por-125000/AP0153-LINL?from=sale,Apartamento,Rio Grande,Nossa Senhora dos Navegantes,2,0,1,0,58.0,125000.0
https://www.lindalvoimoveis.com.br/imovel/apartamento-de-68-m-na-rua-buarque-de-macedo-cidade-nova-rio-grande-rs-a-venda-por-170000/AP0609-LINL?from=sale,Apartamento,Rio Grande,Cidade Nova,3,0,1,0,68.0,170000.0
https://www.lindalvoimoveis.com.br/imovel/casa-bem-localizada-no-canalete-necessita-reforma/CA0813-LINL?from=sale,Casa,Rio Grande,Cidade Nova,5,0,3,0,330.0,200000.0
https://www.lindalvoimoveis.com.br/imovel/casa-de-480-m-na-rua-nicolau-coelho-parque-residencial-coelho-rio-grande-rs-a-venda-por-280000/CA0690-LINL?from=sale,Casa,Rio Grande,Parque Residencial Coelho,8,0,4,0,480.0,280000.0
https://www.lindalvoimoveis.com.br/imovel/apartamento-de-50-m-na-rua-rio-de-janeiro-cassino-rio-grande-rs-a-venda-por-215000-ou-aluguel-por-900-mes/AP0628-LINL?from=sale,Apartamento,Rio Grande,Cassino,1,0,1,0,50.0,215000.0
https://www.lindalvoimoveis.com.br/imovel/apartamento-de-75-m-na-rua-andradas-centro-rio-grande-rs-a-venda-por-200000/AP0108-LINL?from=sale,Apartamento,Rio Grande,Centro,2,0,1,0,75.0,200000.0
https://www.lindalvoimoveis.com.br/imovel/apartamento-de-56-m-na-rua-intendente-carvalho-parque-residencial-coelho-rio-grande-rs-a-venda-por-240000-ou-aluguel-por-900-mes/AP0666-LINL?from=sale,Apartamento,Rio Grande,Parque Residencial Coelho,1,0,1,0,56.0,240000.0
https://www.lindalvoimoveis.com.br/imovel/apartamento-de-82-m-na-rua-dom-manoel-i-parque-residencial-coelho-rio-grande-rs-a-venda-por-240000/AP0517-LINL?from=sale,Apartamento,Rio Grande,Parque Residencial Coelho,2,0,1,0,82.0,240000.0
https://www.lindalvoimoveis.com.br/imovel/casa-em-condominio-aceita-troca-por-ap-no-par-d-bosco/CA0787-LINL?from=sale,Casa,Rio Grande,Cidade Nova,2,0,1,0,45.0,150000.0
https://www.lindalvoimoveis.com.br/imovel/apartamento-de-48-m-na-estrada-roberto-socoowski-vila-sao-miguel-rio-grande-rs-a-venda-por-150000/AP0566-LINL?from=sale,Apartamento,Rio Grande,Vila São Miguel,2,0,1,0,48.0,150000.0
https://www.lindalvoimoveis.com.br/imovel/casa-com-3-dormitorios-146-m-venda-por-250000-ou-aluguel-por-1700-mes-centro-rio-grande-rs/CA0762-LINL?from=sale,Casa,Rio Grande,Centro,3,0,2,0,146.0,250000.0
https://www.lindalvoimoveis.com.br/imovel/apartamento-com-2-dormitorios-a-venda-60-m-por-190000-cidade-nova-rio-grande-rs/AP0650-LINL?from=sale,Apartamento,Rio Grande,Cidade Nova,2,0,1,0,60.0,190000.0
,Casa,Rio Grande,Cidade Nova,2,0,5,2,278.5,1200000.00
,Casa,Rio Grande,Centro,2,1,2,2,500,1200000.00
,Casa,Rio Grande,Cidade Nova,4,1,2,7,380,1300000.00
,Apartamento,Rio Grande,Vila Junção,1,0,1,1,40,100000.00
,Casa,Rio Grande,Vila Maria José,2,0,1,1,60,106000.00
,Apartamento,Rio Grande,Vila Braz,2,0,1,1,47,106000.00
,Apartamento,Rio Grande,Vila Maria José,1,0,1,0,50,115000.00
,Apartamento,Rio Grande,Vila Braz,2,0,1,1,42,115000.00
,Apartamento,Rio Grande,Cidade Nova,2,0,1,0,43,119000.00
,Apartamento,Rio Grande,Cidade Nova,1,0,1,0,45,120000.00
,Apartamento,Rio Grande,Vila Braz,2,0,1,0,42,120000.00
,Apartamento,Rio Grande,Vila Braz,2,0,1,1,45,120000.00
,Apartamento,Rio Grande,Vila Braz,2,0,1,1,47,120000.00
,Apartamento,Rio Grande,Vila Braz,2,0,1,1,47,120000.00
,Apartamento,Rio Grande,COHAB II,2,0,1,1,48,120000.00
,Apartamento,Rio Grande,Getúlio Vargas,2,0,1,1,45,122000.00
,Casa,Rio Grande,Vila Maria José,2,0,1,1,60,125000.00
,Casa,Rio Grande,Vila Maria José,2,0,1,1,60,125000.00
,Apartamento,Rio Grande,Centro,1,0,1,0,37.4,125000.00
,Apartamento,Rio Grande,Centro,1,0,1,0,47.2,125000.00
,Apartamento,Rio Grande,Parque Residencial São Pedro,1,0,1,1,51,125000.00
,Apartamento,Rio Grande,Vila Braz,2,0,1,1,47,125000.00
,Apartamento,Rio Grande,Vila São Miguel,2,0,1,0,47,125000.00
,Apartamento,Rio Grande,Vila São Miguel,2,0,1,0,47,125000.00
,Apartamento,Rio Grande,Vila Braz,2,0,1,1,47,128000.00
,Apartamento,Rio Grande,Vila Maria José,2,0,1,1,50,130000.00
,Casa,Rio Grande,Cassino,2,0,1,0,50,130000.00
,Apartamento,Rio Grande,Getúlio Vargas,1,0,1,1,40,
,Apartamento,Rio Grande,Vila Braz,2,0,1,1,47,130000.00
,Apartamento,Rio Grande,Vila Braz,2,0,1,1,47,135000.00
,Apartamento,Rio Grande,Vila Braz,2,0,1,1,47,135000.00
,Apartamento,Rio Grande,Vila São Miguel,2,0,1,1,47,139990.00
,Apartamento,Rio Grande,Centro,2,0,1,1,51,140000.00
,Apartamento,Rio Grande,Vila Braz,2,0,1,1,45,143000.00
,Apartamento,Rio Grande,Vila São João,2,0,1,0,47,145000.00
,Apartamento,Rio Grande,Vila Braz,2,0,1,1,47,145000.00
,Casa,Rio Grande,Bolaxa,2,0,1,5,50,150000.00
,Apartamento,Rio Grande,Cidade Nova,2,0,1,0,43,150000.00
,Apartamento,Rio Grande,Vila Braz,2,0,1,1,47,150000.00
,Apartamento,Rio Grande,Vila Junção,2,0,1,0,50,150000.00
,Casa,Rio Grande,Cassino,2,0,1,0,60,155000.00
,Apartamento,Rio Grande,Cidade Nova,2,0,1,1,59,155000.00
,Apartamento,Rio Grande,Vila Junção,2,0,1,1,60,155000.00
,Apartamento,Rio Grande,Parque Residencial Salgado Filho,2,0,1,0,64.11,155000.00
,Apartamento,Rio Grande,Cidade Nova,1,0,1,1,50,157000.00
,Apartamento,Rio Grande,Centro,1,0,1,0,40,160000.00
,Apartamento,Rio Grande,Centro,2,0,1,0,75,160000.00
,Casa,Rio Grande,Cassino,2,0,1,8,40,165000.00
,Casa,Rio Grande,Cassino,2,0,1,0,62,165000.00
,Apartamento,Rio Grande,Vila São Miguel,2,0,1,1,47,165000.00
,Casa,Rio Grande,Vila São João,2,0,1,2,59,170000.00
,Apartamento,Rio Grande,Cidade Nova,2,0,1,0,50,170000.00
,Casa,Rio Grande,Cassino,1,0,1,4,40,175000.00
,Apartamento,Rio Grande,Cidade Nova,2,0,1,0,60,175000.00
,Apartamento,Rio Grande,Centro,2,0,1,0,71,175000.00
,Casa,Rio Grande,Centro,2,0,1,1,90,180000.00
,Casa,Rio Grande,Vila Maria José,3,0,2,0,73.4,180000.00
,Apartamento,Rio Grande,Centro,1,1,1,0,67,180000.00
,Apartamento,Rio Grande,Centro,2,0,1,0,47,180000.00
,Casa,Rio Grande,Cassino,2,0,1,6,52,185000.00
,Apartamento,Rio Grande,Centro,2,0,1,0,78,185000.00
,Casa,Rio Grande,Miguel de Castro Moreira,2,0,1,0,125,190000.00
,Casa,Rio Grande,Simões Lopes,4,0,3,0,170,190000.00
,Apartamento,Rio Grande,Centro,2,0,1,1,60,190000.00
,Casa,Rio Grande,Vila Maria José,2,0,1,2,102,191000.00
,Casa,Rio Grande,Cassino,2,0,1,1,51.18,195000.00
,Casa,Rio Grande,Cassino,2,0,1,1,51.18,195000.00
,Apartamento,Rio Grande,São Paulo,2,0,1,1,50,195000.00
,Apartamento,Rio Grande,Centro,2,0,1,0,75,195000.00
,Apartamento,Rio Grande,Centro,2,0,1,0,51,200000.00
,Apartamento,Rio Grande,Cidade Nova,3,0,1,0,68,200000.00
,Apartamento,Rio Grande,Centro,2,0,1,1,62.91,210000.00
,Apartamento,Rio Grande,Centro,2,0,1,0,49,212000.00
,Apartamento,Rio Grande,Cidade Nova,3,0,1,1,70,215000.00
,Casa,Rio Grande,Parque Guanabara,2,0,1,2,55,220000.00
,Apartamento,Rio Grande,Cidade Nova,2,0,1,0,45,220000.00
,Apartamento,Rio Grande,Cidade Nova,2,0,1,1,60,220000.00
,Apartamento,Rio Grande,Parque Residencial Salgado Filho,2,0,2,1,65,220000.00
,Apartamento,Rio Grande,Cidade Nova,2,0,1,0,67,220000.00
,Apartamento,Rio Grande,Cidade Nova,3,0,1,0,68,220000.00
,Apartamento,Rio Grande,Centro,3,1,1,1,150,222000.00
,Casa,Rio Grande,Vila São Miguel,3,0,2,2,180,230000.00
,Apartamento,Rio Grande,Vila Junção,3,0,1,1,55,230000.00
,Apartamento,Rio Grande,Centro,3,0,1,0,62.99,230000.00
,Apartamento,Rio Grande,Centro,2,0,1,1,75,235000.00
,Apartamento,Rio Grande,Vila Junção,1,0,1,0,47,240000.00
,Apartamento,Rio Grande,Centro,2,0,1,0,75,240000.00
,Apartamento,Rio Grande,Centro,2,0,1,0,60,250000.00
,Apartamento,Rio Grande,Cidade Nova,2,0,1,0,60,250000.00
,Apartamento,Rio Grande,Centro,3,1,1,0,70,250000.00
,Apartamento,Rio Grande,Centro,3,0,1,0,75,250000.00
,Apartamento,Rio Grande,Cidade Nova,2,0,1,1,60,255000.00
,Apartamento,Rio Grande,Centro,2,1,1,1,66.52,272000.00
,Apartamento,Rio Grande,Cidade Nova,2,0,1,1,60,280000.00
,Apartamento,Rio Grande,São Paulo,4,1,2,0,125,290000.00
,Apartamento,Rio Grande,Lagoa,2,0,1,0,112,300000.00
,Apartamento,Rio Grande,Vila Junção,3,0,2,1,90,300000.00
,Casa,Rio Grande,São Paulo,2,0,1,0,70,310000.00
,Casa,Rio Grande,Cassino,3,0,1,2,90,310000.00
,Casa,Rio Grande,Parque Residencial Salgado Filho,2,0,2,1,180,318000.00
,Apartamento,Rio Grande,Centro,2,0,1,0,71.6,318000.00
,Casa,Rio Grande,Centro,3,1,2,1,116,319000.00
,Casa,Rio Grande,Parque Residencial Coelho,3,0,2,4,116,320000.00
,Casa,Rio Grande,Vila São João,5,1,3,2,222,320000.00
,Apartamento,Rio Grande,Cassino,1,0,1,1,45,320000.00
,Apartamento,Rio Grande,Cassino,2,0,1,1,110,320000.00
,Apartamento,Rio Grande,Centro,3,0,1,0,90,320000.00
,Apartamento,Rio Grande,Cidade Nova,2,0,1,1,95,330000.00
,Casa,Rio Grande,Lar Gaúcho,3,1,2,2,140,355000.00
,Casa,Rio Grande,Cassino,2,1,2,0,110,360000.00
,Casa,Rio Grande,Cassino,3,0,2,2,118,360000.00
,Apartamento,Rio Grande,Centro,3,1,1,0,120,365000.00
,Casa,Rio Grande,Cassino,1,0,1,4,135,370000.00
,Casa,Rio Grande,Centro,4,0,2,0,300,379000.00
,Apartamento,Rio Grande,São Paulo,2,1,2,1,107,385000.00
,Casa,Rio Grande,Cassino,4,0,2,0,192,415000.00
,Casa,Rio Grande,Parque Residencial Jardim do Sol,4,1,3,2,450,420000.00
,Apartamento,Rio Grande,Centro,3,1,3,1,190,420000.00
,Casa,Rio Grande,Laranjal,1,0,3,0,110,424000.00
,Casa,Rio Grande,Centro,4,0,2,2,270,424000.00
,Apartamento,Rio Grande,Cassino,2,0,1,1,70,424000.00
,Casa,Rio Grande,Cassino,3,1,1,1,244,429000.00
,Casa,Rio Grande,Cassino,3,0,2,4,280,440000.00
,Apartamento,Rio Grande,Centro,2,1,2,0,67.5,446000.00
,Casa,Rio Grande,Cassino,3,1,3,3,230,450000.00
,Casa,Rio Grande,Cidade Nova,4,1,1,1,250,450000.00
,Apartamento,Rio Grande,Centro,2,1,1,1,82.5,450000.00
,Apartamento,Rio Grande,Cidade Nova,2,1,2,1,75,455000.00
,Apartamento,Rio Grande,Vila Junção,3,1,1,2,80,455800.00
,Apartamento,Rio Grande,Cassino,3,0,2,2,89,480000.00
,Apartamento,Rio Grande,Cassino,2,1,1,0,68.63,495000.00
,Apartamento,Rio Grande,Cassino,2,1,1,1,73,495000.00
,Apartamento,Rio Grande,Cidade Nova,3,1,1,1,150,499000.00
,Casa,Rio Grande,Cidade Nova,3,1,1,3,190,500000.00
,Casa,Rio Grande,Centro,4,0,2,2,230,500000.00
,Apartamento,Rio Grande,Cidade Nova,2,1,2,1,75,500000.00
,Apartamento,Rio Grande,São Paulo,3,1,1,1,115,520000.00
,Apartamento,Rio Grande,Centro,3,1,2,1,85,534000.00
,Casa,Rio Grande,Centro,6,4,3,3,320,540000.00
,Casa,Rio Grande,Centro,6,0,4,2,165,585000.00
,Apartamento,Rio Grande,Centro,3,3,1,1,164.32,590000.00
,Apartamento,Rio Grande,Centro,2,1,1,1,95,600000.00
,Apartamento,Rio Grande,Centro,3,1,2,1,125,600000.00
,Casa,Rio Grande,Laranjal,3,1,2,2,160.84,639000.00
,Casa,Rio Grande,Centro,2,1,2,0,344.32,645000.00
,Apartamento,Rio Grande,Cassino,2,1,2,1,84,646000.00
,Casa,Rio Grande,Senandes,3,1,2,12,210,670000.00
,Apartamento,Rio Grande,Cassino,2,1,1,1,110,707000.00
,Apartamento,Rio Grande,Centro,3,3,1,1,164.32,720000.00
,Apartamento,Rio Grande,Cassino,3,0,1,1,94.75,720000.00
,Apartamento,Rio Grande,Centro,3,1,2,1,125,745000.00
,Apartamento,Rio Grande,Cassino,3,2,1,1,107.08,780000.00
,Casa,Rio Grande,Cassino,4,1,3,5,230,850000.00
,Casa,Rio Grande,Parque Residencial Salgado Filho,4,1,3,4,350,850000.00
,Apartamento,Rio Grande,Cidade Nova,1,0,1,0,45,96000.00
,Casa,Rio Grande,Centro,4,3,1,2,386,
