web-scraper-order,web-scraper-start-url,cards,cards-href,tipo,cidade,bairro,quartos,suites,banheiros,vagas,area_construida,valor
1650141935-396,https://www.lindalvoimoveis.com.br/imoveis/a-venda/rio-grande?quartos=1+&preco-de-venda=1+&area=1+&suites=1+&vagas=1+&banheiros=1+&ordenar=menor-valor&pagina=6,"R$ 850.000CassinoCasa em Rio GrandeEsta casa é simplesmente completa! Com terreno de 500m² e 250m² de área construída, ela dispõe de um belo espaço gourmet com churrasqueira para receber a família e os amigos.. Piscina 3x6, amplo pátio, portão eletrônico, câmeras de monitoramento, alarme e toda gradeada para sua segurança.

- Localização privilegiada, pertinho da praia e avenida principal. 
 
-Não deixe de visitar e conhecer a beleza desse imóvel de perto!

-Horários para visita flexíveis 7 dias por semana. Só entrar em contato.4
quartos1
suíte2
banheiros6
vagas250
m²DetalhesContatoCA0593-LINL",https://www.lindalvoimoveis.com.br/imovel/casa-de-250-m-na-rua-montevideo-cassino-rio-grande-rs-a-venda-por-850000/CA0593-LINL?from=sale,Casa,Rio Grande,Cassino,4 Quartos,1 Suíte,2 Banheiros,6 Vagas,"250 m²
 Área construída",850000
1650141970-408,https://www.lindalvoimoveis.com.br/imoveis/a-venda/rio-grande?quartos=1+&preco-de-venda=1+&area=1+&suites=1+&vagas=1+&banheiros=1+&ordenar=menor-valor&pagina=7,"R$ 1.200.000CentroSobrado em Rio Grande3
quartos3
suítes2
banheiros4
vagas380
m²DetalhesContatoSO0147-LINL",https://www.lindalvoimoveis.com.br/imovel/sobrado-de-380-m-na-rua-carlos-gomes-centro-rio-grande-rs-a-venda-por-1200000/SO0147-LINL?from=sale,Sobrado,Rio Grande,Centro,3 Quartos,3 Suítes,2 Banheiros,4 Vagas,"380 m²
 Área construída",1200000
1650141979-411,https://www.lindalvoimoveis.com.br/imoveis/a-venda/rio-grande?quartos=1+&preco-de-venda=1+&area=1+&suites=1+&vagas=1+&banheiros=1+&ordenar=menor-valor&pagina=7,"R$ 1.060.000CassinoCasa em Rio GrandeCasa em ótima localização no Cassino. Apenas 4 quadras da avenida Rio Grande e 2 quadras da Avenida Atlântica. 

Terreno com 750m², casa toda em pré-laje, sala dois ambientes com lareira, churrasqueira, garagem coberta para dois carros, piscina...

Agende sua visita!3
quartos1
suíte1
banheiro 2
vagas140
m²DetalhesContatoCA0878-LINL",https://www.lindalvoimoveis.com.br/imovel/casa-de-140-m-na-rua-cachoeira-cassino-rio-grande-rs-a-venda-por-1060000/CA0878-LINL?from=sale,Casa,Rio Grande,Cassino,3 Quartos,1 Suíte,1 Banheiro,2 Vagas,"140 m²
 Área construída",1060000
1650141807-353,https://www.lindalvoimoveis.com.br/imoveis/a-venda/rio-grande?quartos=1+&preco-de-venda=1+&area=1+&suites=1+&vagas=1+&banheiros=1+&ordenar=menor-valor&pagina=2,"R$ 320.000Miguel de Castro MoreiraCasa em Rio GrandeÓtima casa térrea em bairro tranquilo com proximidade a escolas, postos de combustíveis e comércios. Garagem para dois carros, três dormitórios, 2 suítes, closet, banheira, lareira e churrasqueira.3
quartos2
suítes3
banheiros2
vagas172
m²DetalhesContatoCA0637-LINL",https://www.lindalvoimoveis.com.br/imovel/casa-de-172-m-na-rua-paraiba-miguel-de-castro-moreira-rio-grande-rs-a-venda-por-320000/CA0637-LINL?from=sale,Casa,Rio Grande,Miguel de Castro Moreira,3 Quartos,2 Suítes,3 Banheiros,2 Vagas,"172 m²
 Área construída",320000
1650141858-370,https://www.lindalvoimoveis.com.br/imoveis/a-venda/rio-grande?quartos=1+&preco-de-venda=1+&area=1+&suites=1+&vagas=1+&banheiros=1+&ordenar=menor-valor&pagina=4,"R$ 450.000Condomínio R$ 360CentroApartamento em Rio Grande2
quartos1
suíte1
banheiro 1
vaga68
m²DetalhesContatoAP0181-LINL",https://www.lindalvoimoveis.com.br/imovel/apartamento-de-68-m-na-rua-gomes-freire-centro-rio-grande-rs-a-venda-por-450000/AP0181-LINL?from=sale,Apartamento,Rio Grande,Centro,2 Quartos,1 Suíte,1 Banheiro,1 Vaga,"68 m²
 Área útil",450000
1650141828-360,https://www.lindalvoimoveis.com.br/imoveis/a-venda/rio-grande?quartos=1+&preco-de-venda=1+&area=1+&suites=1+&vagas=1+&banheiros=1+&ordenar=menor-valor&pagina=3,"R$ 380.000CassinoCasa em Rio GrandeRua Gravataí, boa localização, casa de alvenaria á venda com 03 dormitórios, 02 banheiros, sala, varanda, garagem e área nos fundo.3
quartos1
suíte1
banheiro 1
vaga110
m²DetalhesContatoCA0944-LINL",https://www.lindalvoimoveis.com.br/imovel/casa-de-110-m-na-rua-gravatai-cassino-rio-grande-rs-a-venda-por-380000/CA0944-LINL?from=sale,Casa,Rio Grande,Cassino,3 Quartos,1 Suíte,1 Banheiro,1 Vaga,"110 m²
 Área construída",380000
1650141906-387,https://www.lindalvoimoveis.com.br/imoveis/a-venda/rio-grande?quartos=1+&preco-de-venda=1+&area=1+&suites=1+&vagas=1+&banheiros=1+&ordenar=menor-valor&pagina=5,"R$ 520.000CassinoSobrado em Rio Grande2
quartos1
suíte1
banheiro 4
vagas125
m²DetalhesContatoSO0188-LINL",https://www.lindalvoimoveis.com.br/imovel/sobrado-a-venda-125-m-por-520000-cassino-rio-grande-rs/SO0188-LINL?from=sale,Sobrado,Rio Grande,Cassino,2 Quartos,1 Suíte,1 Banheiro,4 Vagas,"125 m²
 Área construída",520000
1650141756-334,https://www.lindalvoimoveis.com.br/imoveis/a-venda/rio-grande?quartos=1+&preco-de-venda=1+&area=1+&suites=1+&vagas=1+&banheiros=1+&ordenar=menor-valor&pagina=1,"R$ 275.000BolaxaCasa em Rio Grande2
quartos2
suítes1
banheiro 2
vagas90
m²DetalhesContatoCA0936-LINL",https://www.lindalvoimoveis.com.br/imovel/casa-com-2-dormitorios-a-venda-90-m-por-275000-bolaxa-rio-grande-rs/CA0936-LINL?from=sale,Casa,Rio Grande,Bolaxa,2 Quartos,2 Suítes,1 Banheiro,2 Vagas,"90 m²
 Área construída",275000
1650141758-335,https://www.lindalvoimoveis.com.br/imoveis/a-venda/rio-grande?quartos=1+&preco-de-venda=1+&area=1+&suites=1+&vagas=1+&banheiros=1+&ordenar=menor-valor&pagina=1,"R$ 265.000Condomínio R$ 250CentroApartamento em Rio Grande3
quartos1
suíte1
banheiro 1
vaga92
m²DetalhesContatoAP0533-LINL",https://www.lindalvoimoveis.com.br/imovel/otimo-ap-com-3-dormitorios-com-suite-e-garagem-meia-quadra-do-big/AP0533-LINL?from=sale,Apartamento,Rio Grande,Centro,3 Quartos,1 Suíte,1 Banheiro,1 Vaga,"92 m²
 Área útil",265000
1650141793-347,https://www.lindalvoimoveis.com.br/imoveis/a-venda/rio-grande?quartos=1+&preco-de-venda=1+&area=1+&suites=1+&vagas=1+&banheiros=1+&ordenar=menor-valor&pagina=2,"R$ 350.000Parque Residencial Salgado FilhoSobrado em Rio Grandesobrado próximo ao hiper guanabara , e CEAT, rua central ,  tranquila com moradores antigos e conservadores ,  possibilidade de duas moradias individuais !3
quartos1
suíte1
banheiro 2
vagas230
m²DetalhesContatoSO0196-LINL",https://www.lindalvoimoveis.com.br/imovel/sobrado-com-3-dormitorios-a-venda-230-m-por-350000-parque-residencial-salgado-filho-rio-grande-rs/SO0196-LINL?from=sale,Sobrado,Rio Grande,Parque Residencial Salgado Filho,3 Quartos,1 Suíte,1 Banheiro,2 Vagas,"230 m²
 Área construída",350000
1650141883-379,https://www.lindalvoimoveis.com.br/imoveis/a-venda/rio-grande?quartos=1+&preco-de-venda=1+&area=1+&suites=1+&vagas=1+&banheiros=1+&ordenar=menor-valor&pagina=4,"R$ 420.000CassinoCasa em Rio GrandeProntas!3
quartos1
suíte1
banheiro 1
vaga120
m²DetalhesContatoCA0843-LINL",https://www.lindalvoimoveis.com.br/imovel/casa-com-3-dormitorios-a-venda-120-m-por-420000-cassino-rio-grande-rs/CA0843-LINL?from=sale,Casa,Rio Grande,Cassino,3 Quartos,1 Suíte,1 Banheiro,1 Vaga,"120 m²
 Área construída",420000
1650141871-375,https://www.lindalvoimoveis.com.br/imoveis/a-venda/rio-grande?quartos=1+&preco-de-venda=1+&area=1+&suites=1+&vagas=1+&banheiros=1+&ordenar=menor-valor&pagina=4,"R$ 430.000CassinoCasa em Rio GrandeCasa boa na praia do Cassino. Casa grande para família ou para investidores. São 3 casas no mesmo terreno, 2 churrasqueiras, vagas para 4 ou 5 carros. Toda murada, com jardim frutífero.
Aceita imóvel em Rio grande/ Porto Alegre/ Carro6
quartos3
suítes3
banheiros5
vagas220
m²DetalhesContatoCA0083-LINL",https://www.lindalvoimoveis.com.br/imovel/casa-de-220-m-na-rua-paulino-modernell-cassino-rio-grande-rs-a-venda-por-430000/CA0083-LINL?from=sale,Casa,Rio Grande,Cassino,6 Quartos,3 Suítes,3 Banheiros,5 Vagas,"220 m²
 Área construída",430000
1650141841-365,https://www.lindalvoimoveis.com.br/imoveis/a-venda/rio-grande?quartos=1+&preco-de-venda=1+&area=1+&suites=1+&vagas=1+&banheiros=1+&ordenar=menor-valor&pagina=3,"R$ 370.000CassinoCasa em Rio Grande3
quartos1
suíte1
banheiro 2
vagas75,80
m²DetalhesContatoCA0951-LINL",https://www.lindalvoimoveis.com.br/imovel/casa-de-76-m-na-alameda-caxias-do-sul-cassino-rio-grande-rs-a-venda-por-370000/CA0951-LINL?from=sale,Casa,Rio Grande,Cassino,3 Quartos,1 Suíte,1 Banheiro,2 Vagas,"76 m²
 Área construída",370000
1650141844-366,https://www.lindalvoimoveis.com.br/imoveis/a-venda/rio-grande?quartos=1+&preco-de-venda=1+&area=1+&suites=1+&vagas=1+&banheiros=1+&ordenar=menor-valor&pagina=3,"R$ 370.000Condomínio R$ 550Cidade NovaApartamento em Rio Grandeexcelente apartamento muito amplo e conforável a meia quadra do canalete , com garagem ,sacada para rua João Manoel  ,vista lateral para o canalete e pela outa lateral marechal Deodoro ,3 dormitórios sendo 1 suite , closet, piso laminado , Ficam mesa de mármore que se estende da cozinha americana , moveis planejados de cozinha e roupeiros embutidos em dois dos dormitórios .3
quartos1
suíte1
banheiro 1
vaga101
m²DetalhesContatoAP0541-LINL",https://www.lindalvoimoveis.com.br/imovel/excelente-apartamento-a-meia-quadra-do-canalete/AP0541-LINL?from=sale,Apartamento,Rio Grande,Cidade Nova,3 Quartos,1 Suíte,1 Banheiro,1 Vaga,"101 m²
 Área útil",370000
1650141894-382,https://www.lindalvoimoveis.com.br/imoveis/a-venda/rio-grande?quartos=1+&preco-de-venda=1+&area=1+&suites=1+&vagas=1+&banheiros=1+&ordenar=menor-valor&pagina=5,"R$ 550.000CassinoSobrado em Rio Grande3
quartos1
suíte1
banheiro 3
vagas200
m²DetalhesContatoSO0165-LINL",https://www.lindalvoimoveis.com.br/imovel/sobrado-com-3-dormitorios-a-venda-cassino-rio-grande-rs/SO0165-LINL?from=sale,Sobrado,Rio Grande,Cassino,3 Quartos,1 Suíte,1 Banheiro,3 Vagas,"200 m²
 Área construída",550000
1650141874-376,https://www.lindalvoimoveis.com.br/imoveis/a-venda/rio-grande?quartos=1+&preco-de-venda=1+&area=1+&suites=1+&vagas=1+&banheiros=1+&ordenar=menor-valor&pagina=4,"R$ 426.000CassinoCasa em Rio GrandeCasa impecável, peças muito amplas, bom gosto, tranquilidade e segurança, cerca elétrica, portão eletrônico, churrasqueira, lareira, suíte com closed. Imóvel bem planejado para sua família desfrutar tudo de melhor do Cassino. Venha conferir!3
quartos1
suíte3
banheiros2
vagas171
m²DetalhesContatoCA0047-LINL",https://www.lindalvoimoveis.com.br/imovel/casa-de-171-m-na-rua-antonio-da-fonseca-moraes-cassino-rio-grande-rs-a-venda-por-426000/CA0047-LINL?from=sale,Casa,Rio Grande,Cassino,3 Quartos,1 Suíte,3 Banheiros,2 Vagas,"171 m²
 Área construída",426000
1650141823-358,https://www.lindalvoimoveis.com.br/imoveis/a-venda/rio-grande?quartos=1+&preco-de-venda=1+&area=1+&suites=1+&vagas=1+&banheiros=1+&ordenar=menor-valor&pagina=3,"R$ 420.000CentroSobrado em Rio Grande3
quartos1
suíte3
banheiros1
vaga200
m²DetalhesContatoSO0142-LINL",https://www.lindalvoimoveis.com.br/imovel/sobrado-de-200-m-na-rua-francisco-marques-centro-rio-grande-rs-a-venda-por-420000/SO0142-LINL?from=sale,Sobrado,Rio Grande,Centro,3 Quartos,1 Suíte,3 Banheiros,1 Vaga,"200 m²
 Área construída",420000
1650141777-342,https://www.lindalvoimoveis.com.br/imoveis/a-venda/rio-grande?quartos=1+&preco-de-venda=1+&area=1+&suites=1+&vagas=1+&banheiros=1+&ordenar=menor-valor&pagina=1,"R$ 200.000Vila Maria JoséCasa em Rio GrandeSobrado em condominio fechado , dispondo de espaço amplo para melhor conforto para sua familia , sendo um suite .
Banheiro com hidromassagem com aquecimento a gás.3
quartos1
suíte1
banheiro 1
vaga130
m²DetalhesContatoCA0670-LINL",https://www.lindalvoimoveis.com.br/imovel/casa-de-130-m-na-rua-sao-jose-do-norte-vila-maria-jose-rio-grande-rs-a-venda-por-200000/CA0670-LINL?from=sale,Casa,Rio Grande,Vila Maria José,3 Quartos,1 Suíte,1 Banheiro,1 Vaga,"130 m²
 Área construída",200000
1650141943-399,https://www.lindalvoimoveis.com.br/imoveis/a-venda/rio-grande?quartos=1+&preco-de-venda=1+&area=1+&suites=1+&vagas=1+&banheiros=1+&ordenar=menor-valor&pagina=6,"R$ 700.000CassinoSobrado em Rio GrandePÉ NA AREIA.... Segurança, tranquilidade e bem estar é o que você encontra na maior praia do mundo. Localizado próximo a praia, no Balneário Cassino, você estará pertinho de uma das praias mais bonitas do mundo. Casa muito ensolarada, iluminada e bem arejada. Com um material distinto, de ótima qualidade! Venha conhecer! Renda-se as belezas da cidade e ao conforto que o Cassino lhe oferece.5
quartos2
suítes4
banheiros3
vagas1
m²DetalhesContatoSO0006-LINL",https://www.lindalvoimoveis.com.br/imovel/sobrado-de-1-m-na-rua-paulino-modernell-cassino-rio-grande-rs-a-venda-por-700000/SO0006-LINL?from=sale,Sobrado,Rio Grande,Cassino,5 Quartos,2 Suítes,4 Banheiros,3 Vagas,"1 m²
 Área construída",700000
1650141825-359,https://www.lindalvoimoveis.com.br/imoveis/a-venda/rio-grande?quartos=1+&preco-de-venda=1+&area=1+&suites=1+&vagas=1+&banheiros=1+&ordenar=menor-valor&pagina=3,"R$ 400.000CassinoSobrado em Rio GrandeBelo sobrado com vista privilegiada para o mar, tranquilidade, sossego, uma qualidade de vida para você e sua família desfrutar o ano inteiro no Balneário Cassino. Duas suítes, terraço, sala com lareira, garagem que foi projetada para caminhão, churrasqueira, mezanino cozinha, pátio todo murado.
Aceita troca por casa em Pelotas, Rio Grande e Cassino, tem que ser casa térrea.
Agende logo uma visita e venha se apaixonar.2
quartos2
suítes3
banheiros3
vagas200
m²DetalhesContatoSO0045-LINL",https://www.lindalvoimoveis.com.br/imovel/sobrado-de-200-m-na-avenida-cassino-cassino-rio-grande-rs-a-venda-por-400000/SO0045-LINL?from=sale,Sobrado,Rio Grande,Cassino,2 Quartos,2 Suítes,3 Banheiros,3 Vagas,"200 m²
 Área construída",400000
1650141976-410,https://www.lindalvoimoveis.com.br/imoveis/a-venda/rio-grande?quartos=1+&preco-de-venda=1+&area=1+&suites=1+&vagas=1+&banheiros=1+&ordenar=menor-valor&pagina=7,"R$ 1.100.000CassinoCasa em Rio Grande2
quartos2
suítes2
banheiros4
vagas400
m²DetalhesContatoCA0847-LINL",https://www.lindalvoimoveis.com.br/imovel/casa-com-2-dormitorios-a-venda-400-m-cassino-rio-grande-rs/CA0847-LINL?from=sale,Casa,Rio Grande,Cassino,2 Quartos,2 Suítes,2 Banheiros,4 Vagas,"400 m²
 Área construída",1100000
1650141831-361,https://www.lindalvoimoveis.com.br/imoveis/a-venda/rio-grande?quartos=1+&preco-de-venda=1+&area=1+&suites=1+&vagas=1+&banheiros=1+&ordenar=menor-valor&pagina=3,"R$ 380.000Nossa Senhora dos NavegantesSobrado em Rio Grande3
quartos1
suíte2
banheiros2
vagas180
m²DetalhesContatoSO0094-LINL",https://www.lindalvoimoveis.com.br/imovel/sobrado-de-180-m-na-rua-americo-vespucio-nossa-senhora-dos-navegantes-rio-grande-rs-a-venda-por-380000/SO0094-LINL?from=sale,Sobrado,Rio Grande,Nossa Senhora dos Navegantes,3 Quartos,1 Suíte,2 Banheiros,2 Vagas,"180 m²
 Área construída",380000
1650141839-364,https://www.lindalvoimoveis.com.br/imoveis/a-venda/rio-grande?quartos=1+&preco-de-venda=1+&area=1+&suites=1+&vagas=1+&banheiros=1+&ordenar=menor-valor&pagina=3,"R$ 380.000Vila Nossa Senhora dos NavegantesSobrado em Rio Grande4
quartos1
suíte3
banheiros3
vagas198
m²DetalhesContatoSO0160-LINL",https://www.lindalvoimoveis.com.br/imovel/sobrado-de-198-m-na-rua-gaspar-de-lemos-vila-nossa-senhora-dos-navegantes-rio-grande-rs-a-venda-por-380000/SO0160-LINL?from=sale,Sobrado,Rio Grande,Vila Nossa Senhora dos Navegantes,4 Quartos,1 Suíte,3 Banheiros,3 Vagas,"198 m²
 Área construída",380000
1650142005-420,https://www.lindalvoimoveis.com.br/imoveis/a-venda/rio-grande?quartos=1+&preco-de-venda=1+&area=1+&suites=1+&vagas=1+&banheiros=1+&ordenar=menor-valor&pagina=8,"R$ 1.431.000CassinoSobrado em Rio GrandeVocê encontrou a casa dos seus sonhos na Praia do Cassino! Imóvel à venda, com 5 dormitórios, cozinha, sala 2 ambientes, área de serviço. Esta é a casa ideal para sua família! Possui vaga de garagem coberta, pátio, jardim e área de churrasqueira para festas.

A casa está a 3 quarteirões da Av. Rio Grande e a região oferece diversas opções de serviços e lazer, como escolas, padarias, supermercado (a 2 min), shopping (a 10 min). Também está próximo da praia e do campo.

Agende uma visita com nossos corretores!5
quartos2
suítes3
banheiros2
vagas315
m²DetalhesContatoSO0031-LINL",https://www.lindalvoimoveis.com.br/imovel/sobrado-de-315-m-na-rua-sao-borja-cassino-rio-grande-rs-a-venda-por-1431000/SO0031-LINL?from=sale,Sobrado,Rio Grande,Cassino,5 Quartos,2 Suítes,3 Banheiros,2 Vagas,"315 m²
 Área construída",1431000
1650141974-409,https://www.lindalvoimoveis.com.br/imoveis/a-venda/rio-grande?quartos=1+&preco-de-venda=1+&area=1+&suites=1+&vagas=1+&banheiros=1+&ordenar=menor-valor&pagina=7,"R$ 1.200.000CentroApartamento em Rio GrandeEste é o imóvel para pessoas exigentes  que querem morar no centro com segurança , muito espaço conforto , em um ap. de 4 dormitórios , sendo uma suíte com hidromassagem ,closet, sala com 2 ambientes , sacada  com lareira e ar condicionado central , 3 banheiros ,1 lavabo , cozinha com churrasqueira , dependência de empregada, dispensa ,  e muito mais agende uma visita pelos telefones (53)  991228708 Gustavo Tarouco , CRECI 63055 ou 
(53) 999003800 lindalvo imóveis .4
quartos1
suíte3
banheiros2
vagas280
m²DetalhesContatoAP0717-LINL",https://www.lindalvoimoveis.com.br/imovel/apartamento-central-de-alto-de-padrao-muito-amplo-com-4-dormitorios-sendo-1-suite-com-hidromassagem2-box-cobertos-piscina-salao-de-festas/AP0717-LINL?from=sale,Apartamento,Rio Grande,Centro,4 Quartos,1 Suíte,3 Banheiros,2 Vagas,"280 m²
 Área útil",1200000
1650141946-400,https://www.lindalvoimoveis.com.br/imoveis/a-venda/rio-grande?quartos=1+&preco-de-venda=1+&area=1+&suites=1+&vagas=1+&banheiros=1+&ordenar=menor-valor&pagina=6,"R$ 700.000CassinoCasa em Rio GrandeCasa de boneca muito bem projetada e decorada, de muito bom gosto e a poucos metros de rua calçada. Local oferece comércio em geral, escolas e transporte público. Casa construída em alvenaria, com aberturas em cedro rosa e alumínio, piso em tabuão de Ipê, porcelanato, lareira, churrasqueira, fogão à lenha, portão elétrico, interfone, sistema de câmeras, alarme e cerca elétrica.3
quartos1
suíte2
banheiros4
vagas282,49
m²DetalhesContatoCA0209-LINL",https://www.lindalvoimoveis.com.br/imovel/casa-de-282-m-na-rua-manoel-francisco-moita-cassino-rio-grande-rs-a-venda-por-700000/CA0209-LINL?from=sale,Casa,Rio Grande,Cassino,3 Quartos,1 Suíte,2 Banheiros,4 Vagas,"282 m²
 Área construída",700000
1650141764-337,https://www.lindalvoimoveis.com.br/imoveis/a-venda/rio-grande?quartos=1+&preco-de-venda=1+&area=1+&suites=1+&vagas=1+&banheiros=1+&ordenar=menor-valor&pagina=1,"R$ 250.000CentroSobrado em Rio Grande3
quartos2
suítes2
banheiros2
vagas240
m²DetalhesContatoSO0171-LINL",https://www.lindalvoimoveis.com.br/imovel/sobrado-bem-localizado-na-rua-moron-nao-aceita-financiamento/SO0171-LINL?from=sale,Sobrado,Rio Grande,Centro,3 Quartos,2 Suítes,2 Banheiros,2 Vagas,"240 m²
 Área construída",250000
1650141952-402,https://www.lindalvoimoveis.com.br/imoveis/a-venda/rio-grande?quartos=1+&preco-de-venda=1+&area=1+&suites=1+&vagas=1+&banheiros=1+&ordenar=menor-valor&pagina=6,"R$ 605.000CassinoApartamento em Rio GrandeE ESSE APARTAMENTO NO CORAÇÃO DO BALNEÁRIO CASSINO? 

- Peças amplas, dois dormitórios sendo uma suíte, salas estar e jantar, cozinha, banheiro social, área de serviço, box garagem e varanda ampla com uma bela vista para Avenida.

- Portaria 24h, interfone, elevadores, salões de festa com churrasqueira e terraço.

Agende sua visita!2
quartos1
suíte1
banheiro 1
vaga100
m²DetalhesContatoAP0433-LINL",https://www.lindalvoimoveis.com.br/imovel/apartamento-com-2-dormitorios-a-venda-110-m-cassino-rio-grande-rs/AP0433-LINL?from=sale,Apartamento,Rio Grande,Cassino,2 Quartos,1 Suíte,1 Banheiro,1 Vaga,"100 m²
 Área útil",605000
1650141927-393,https://www.lindalvoimoveis.com.br/imoveis/a-venda/rio-grande?quartos=1+&preco-de-venda=1+&area=1+&suites=1+&vagas=1+&banheiros=1+&ordenar=menor-valor&pagina=6,"R$ 850.000CassinoSobrado em Rio Grande4
quartos1
suíte2
banheiros4
vagas230
m²DetalhesContatoSO0193-LINL",https://www.lindalvoimoveis.com.br/imovel/sobrado-a-venda-230-m-por-850000-cassino-rio-grande-rs/SO0193-LINL?from=sale,Sobrado,Rio Grande,Cassino,4 Quartos,1 Suíte,2 Banheiros,4 Vagas,"230 m²
 Área construída",850000
1650141901-385,https://www.lindalvoimoveis.com.br/imoveis/a-venda/rio-grande?quartos=1+&preco-de-venda=1+&area=1+&suites=1+&vagas=1+&banheiros=1+&ordenar=menor-valor&pagina=5,"R$ 550.000Condomínio R$ 480CentroApartamento em Rio Grande3
quartos1
suíte1
banheiro 1
vaga100
m²DetalhesContatoAP0503-LINL",https://www.lindalvoimoveis.com.br/imovel/apartamento-de-alto-padrao-no-canalete/AP0503-LINL?from=sale,Apartamento,Rio Grande,Centro,3 Quartos,1 Suíte,1 Banheiro,1 Vaga,"100 m²
 Área útil",550000
1650141767-338,https://www.lindalvoimoveis.com.br/imoveis/a-venda/rio-grande?quartos=1+&preco-de-venda=1+&area=1+&suites=1+&vagas=1+&banheiros=1+&ordenar=menor-valor&pagina=1,"R$ 250.000CentroCasa em Rio Grandesou uma casa bem localizada, no centro da cidade, porém, em uma rua bem calma. meus primeiros donos deixaram seus imoveis para os próximos donos usufruírem. tenho uma sala, dois dormitórios, 2 banheiros e até uma suíte. tenho uma garagem. agenda uma visita com um de nossos corretores e vem me conhecer!2
quartos1
suíte2
banheiros1
vaga125
m²DetalhesContatoCA0551-LINL",https://www.lindalvoimoveis.com.br/imovel/casa-de-125-m-na-rua-francisco-marques-centro-rio-grande-rs-a-venda-por-250000/CA0551-LINL?from=sale,Casa,Rio Grande,Centro,2 Quartos,1 Suíte,2 Banheiros,1 Vaga,"125 m²
 Área construída",250000
1650142000-418,https://www.lindalvoimoveis.com.br/imoveis/a-venda/rio-grande?quartos=1+&preco-de-venda=1+&area=1+&suites=1+&vagas=1+&banheiros=1+&ordenar=menor-valor&pagina=8,"R$ 1.500.000CassinoCasa em Rio GrandeCasa espetacular a venda no Cassino, localizada em área nobre, ensolarada, detalhes na parte externa com pedras miracema, paisagismo e aberturas diferenciadas, construída com esmero em cada detalhe, pisos porcelanato marmo, todas paredes com acabamento em massa corrida, teto com sanca e rebaixamento em gesso personalizado nos ambientes, cozinha ampla, sala de estar com dois ambientes, duas suítes uma delas com banheira de hidromassagem com cromoterapia, área gourmet com churrasqueira e para o lazer uma piscina com design diferenciado e um quiosque na altura da piscina.
Estuda aceitar imóveis de menor valor.
Agende uma visita com um de nossos especialistas.2
quartos2
suítes3
banheiros4
vagas350
m²DetalhesContatoCA0643-LINL",https://www.lindalvoimoveis.com.br/imovel/casa-de-350-m-na-alameda-caxias-do-sul-cassino-rio-grande-rs-a-venda-por-1500000/CA0643-LINL?from=sale,Casa,Rio Grande,Cassino,2 Quartos,2 Suítes,3 Banheiros,4 Vagas,"350 m²
 Área construída",1500000
1650141997-417,https://www.lindalvoimoveis.com.br/imoveis/a-venda/rio-grande?quartos=1+&preco-de-venda=1+&area=1+&suites=1+&vagas=1+&banheiros=1+&ordenar=menor-valor&pagina=8,"R$ 1.600.000CentroCasa em Rio Grande4
quartos1
suíte1
banheiro 5
vagas377
m²DetalhesContatoCA0952-LINL",https://www.lindalvoimoveis.com.br/imovel/casa-de-377-m-na-rua-andrade-neves-centro-rio-grande-rs-a-venda-por-1600000/CA0952-LINL?from=sale,Casa,Rio Grande,Centro,4 Quartos,1 Suíte,1 Banheiro,5 Vagas,"377 m²
 Área construída",1600000
1650141989-415,https://www.lindalvoimoveis.com.br/imoveis/a-venda/rio-grande?quartos=1+&preco-de-venda=1+&area=1+&suites=1+&vagas=1+&banheiros=1+&ordenar=menor-valor&pagina=7,"R$ 900.000CentroSobrado em Rio GrandeBusca imóvel amplo, localizado no centro da cidade e com ótimo padrão construtivo? Confere esta oportunidade! 

Este belo sobrado conta com quatro dormitórios sendo uma suíte , banheira, closet e sacada. Duas salas de estar com lareira, dois banheiros, lavabo, lavanderia, garagem para dois carros, área fechada com churrasqueira integrando ao pátio, sistema gás, câmeras monitoramento... Saiba mais!4
quartos1
suíte2
banheiros5
vagas270
m²DetalhesContatoSO0164-LINL",https://www.lindalvoimoveis.com.br/imovel/sobrado-de-270-m-na-rua-general-portinho-centro-rio-grande-rs-a-venda-por-900000/SO0164-LINL?from=sale,Sobrado,Rio Grande,Centro,4 Quartos,1 Suíte,2 Banheiros,5 Vagas,"270 m²
 Área construída",900000
1650141915-390,https://www.lindalvoimoveis.com.br/imoveis/a-venda/rio-grande?quartos=1+&preco-de-venda=1+&area=1+&suites=1+&vagas=1+&banheiros=1+&ordenar=menor-valor&pagina=5,"R$ 500.000Parque Residencial Salgado FilhoCasa em Rio Grande3
quartos1
suíte1
banheiro 2
vagas200
m²DetalhesContatoCA0347-LINL",https://www.lindalvoimoveis.com.br/imovel/casa-de-200-m-na-rua-paulo-leiria-parque-residencial-salgado-filho-rio-grande-rs-a-venda-por-500000/CA0347-LINL?from=sale,Casa,Rio Grande,Parque Residencial Salgado Filho,3 Quartos,1 Suíte,1 Banheiro,2 Vagas,"200 m²
 Área construída",500000
1650141821-357,https://www.lindalvoimoveis.com.br/imoveis/a-venda/rio-grande?quartos=1+&preco-de-venda=1+&area=1+&suites=1+&vagas=1+&banheiros=1+&ordenar=menor-valor&pagina=3,"R$ 420.000Parque Residencial CoelhoSobrado em Rio Grande4
quartos1
suíte1
banheiro 6
vagas190
m²DetalhesContatoSO0083-LINL",https://www.lindalvoimoveis.com.br/imovel/sobrado-de-190-m-na-rua-gaspar-de-lemos-parque-residencial-coelho-rio-grande-rs-a-venda-por-420000/SO0083-LINL?from=sale,Sobrado,Rio Grande,Parque Residencial Coelho,4 Quartos,1 Suíte,1 Banheiro,6 Vagas,"190 m²
 Área construída",420000
1650141929-394,https://www.lindalvoimoveis.com.br/imoveis/a-venda/rio-grande?quartos=1+&preco-de-venda=1+&area=1+&suites=1+&vagas=1+&banheiros=1+&ordenar=menor-valor&pagina=6,"R$ 850.000Condomínio R$ 450CassinoApartamento em Rio GrandeAgende sua visita!3
quartos1
suíte1
banheiro 1
vaga98
m²DetalhesContatoAP0664-LINL",https://www.lindalvoimoveis.com.br/imovel/apartamento-com-3-dormitorios-a-venda-98-m-por-850000-cassino-rio-grande-rs/AP0664-LINL?from=sale,Apartamento,Rio Grande,Cassino,3 Quartos,1 Suíte,1 Banheiro,1 Vaga,"98 m²
 Área útil",850000
1650141869-374,https://www.lindalvoimoveis.com.br/imoveis/a-venda/rio-grande?quartos=1+&preco-de-venda=1+&area=1+&suites=1+&vagas=1+&banheiros=1+&ordenar=menor-valor&pagina=4,"R$ 430.000CassinoCasa em Rio GrandeExcelente imóvel, com toda conforto e qualidade que você merece, infraestrutura e bom gosto nos detalhes.
Gás encanado, madeira das aberturas e portão de  grápia .
Aceita imóvel, terreno, veiculo e estuda possíveis parcelas diretas.
Tudo ao seu alcance na aquisição da casa própria em uma das melhores praias do litoral sul.
Venha fazer uma visita e fechar negocio com um de nossos corretores.2
quartos1
suíte3
banheiros3
vagas160
m²DetalhesContatoCA0048-LINL",https://www.lindalvoimoveis.com.br/imovel/casa-de-160-m-na-rua-antonio-da-fonseca-moraes-cassino-rio-grande-rs-a-venda-por-430000/CA0048-LINL?from=sale,Casa,Rio Grande,Cassino,2 Quartos,1 Suíte,3 Banheiros,3 Vagas,"160 m²
 Área construída",430000
1650141787-345,https://www.lindalvoimoveis.com.br/imoveis/a-venda/rio-grande?quartos=1+&preco-de-venda=1+&area=1+&suites=1+&vagas=1+&banheiros=1+&ordenar=menor-valor&pagina=2,"R$ 360.000CassinoCasa em Rio GrandeCasa ampla com quatro dormitórios, sendo uma suíte, sala, copa cozinha, banheiro amplo.
Terreno com ótimas dimensões ( 15 x 45 ), piscina 4 x 8,  duas churrasqueiras.
Uma ótima opção de moradia e lazer á três quadras da praia, duas quadras do terminal rodoviário e pavimentação.
Agende uma visita com um de nossos corretores e venha se maravilhar com as possibilidades deste imóvel.3
quartos1
suíte3
banheiros8
vagas85
m²DetalhesContatoCA0029-LINL",https://www.lindalvoimoveis.com.br/imovel/casa-de-85-m-na-rua-professor-fernando-eduardo-freire-cassino-rio-grande-rs-a-venda-por-360000/CA0029-LINL?from=sale,Casa,Rio Grande,Cassino,3 Quartos,1 Suíte,3 Banheiros,8 Vagas,"85 m²
 Área construída",360000
1650142002-419,https://www.lindalvoimoveis.com.br/imoveis/a-venda/rio-grande?quartos=1+&preco-de-venda=1+&area=1+&suites=1+&vagas=1+&banheiros=1+&ordenar=menor-valor&pagina=8,"R$ 1.500.000CentroCasa em Rio GrandeAceita proposta!

Churrasqueira, Sala de Jantar, Cozinha,3
quartos1
suíte3
banheiros2
vagas350
m²DetalhesContatoCA0359-LINL",https://www.lindalvoimoveis.com.br/imovel/casa-de-350-m-na-travessa-joao-touguinha-centro-rio-grande-rs-a-venda-por-1500000/CA0359-LINL?from=sale,Casa,Rio Grande,Centro,3 Quartos,1 Suíte,3 Banheiros,2 Vagas,"350 m²
 Área construída",1500000
1650141879-378,https://www.lindalvoimoveis.com.br/imoveis/a-venda/rio-grande?quartos=1+&preco-de-venda=1+&area=1+&suites=1+&vagas=1+&banheiros=1+&ordenar=menor-valor&pagina=4,"R$ 420.000Condomínio R$ 400Cidade NovaApartamento em Rio Grandesou belo ensolarado e muito amplo para um apartamento de 2 dormitórios. na minha sala possuem 2 ambientes que você pode tranquilamente sala estar e jantar. super iluminado e bem sequinho. sou todo em tabuão na parte de meu piso. só o meu dormitório de casal possui 20 m². se você tem um carro, tenho aonde guardá-lo. me considero um apartamento impecável pronto pronto para você entrar e morar. agende sua visita com um de nossos corretores.2
quartos1
suíte1
banheiro 1
vaga120
m²DetalhesContatoAP0319-LINL",https://www.lindalvoimoveis.com.br/imovel/apartamento-de-120-m-na-rua-visconde-do-rio-branco-cidade-nova-rio-grande-rs-a-venda-por-420000/AP0319-LINL?from=sale,Apartamento,Rio Grande,Cidade Nova,2 Quartos,1 Suíte,1 Banheiro,1 Vaga,"120 m²
 Área útil",420000
1650142007-421,https://www.lindalvoimoveis.com.br/imoveis/a-venda/rio-grande?quartos=1+&preco-de-venda=1+&area=1+&suites=1+&vagas=1+&banheiros=1+&ordenar=menor-valor&pagina=8,"R$ 1.400.000CassinoCasa em Rio GrandeImperdível para você que quer investir no Balneário Cassino, casa com potencial para pousada são 485 m² de área construída  sob quatro terrenos totalizando 1000 m² de área total, área de lazer com piscina, churrasqueiras.
E ainda oferece: cisterna, oficina, forno à lenha, aquecimento à gás, semi-mobiliada.
Áreas independentes, venha conhecer este imóvel e fechar um ótimo negócio.13
quartos2
suítes10
banheiros3
vagas485
m²DetalhesContatoCA0087-LINL",https://www.lindalvoimoveis.com.br/imovel/casa-de-485-m-na-rua-doutor-cyrio-carlos-campani-cassino-rio-grande-rs-a-venda-por-1400000/CA0087-LINL?from=sale,Casa,Rio Grande,Cassino,13 Quartos,2 Suítes,10 Banheiros,3 Vagas,"485 m²
 Área construída",1400000
1650141754-333,https://www.lindalvoimoveis.com.br/imoveis/a-venda/rio-grande?quartos=1+&preco-de-venda=1+&area=1+&suites=1+&vagas=1+&banheiros=1+&ordenar=menor-valor&pagina=1,"R$ 286.200CassinoCasa em Rio GrandeVenha conferir esta casa em boa localização, próximo de calçamento, mercados, escola, e a poucos metros da praia e do acesso ao Cassino pela estrada do Tecon.2
quartos1
suíte2
banheiros3
vagas74
m²DetalhesContatoCA0113-LINL",https://www.lindalvoimoveis.com.br/imovel/casa-de-74-m-na-avenida-nova-atlantica-cassino-rio-grande-rs-a-venda-por-286200/CA0113-LINL?from=sale,Casa,Rio Grande,Cassino,2 Quartos,1 Suíte,2 Banheiros,3 Vagas,"74 m²
 Área construída",286200
1650142011-422,https://www.lindalvoimoveis.com.br/imoveis/a-venda/rio-grande?quartos=1+&preco-de-venda=1+&area=1+&suites=1+&vagas=1+&banheiros=1+&ordenar=menor-valor&pagina=8,"R$ 1.300.000CassinoCasa em Rio GrandeUm imóvel diferenciado com terreno de de 1200 metros quadrados, de esquina, na Arroio Grande, quatro quadras da avenida e duas da avenida Atlântica, totalmente arborizado é o que você busca? Então não perca tempo agende uma visita com um de nossos especialistas!
Além de ter um terreno singular, a casa é construída toda em laje, com aberturas grandes o que possibilita a entrada de iluminação natural. Uma bela área de lazer com churrasqueira, espaço gourmet e piscina.
Nós somos especialistas em imóveis no Cassino, e estamos lhe esperando para um melhor atendimento.3
quartos1
suíte3
banheiros7
vagas164
m²DetalhesContatoCA0702-LINL",https://www.lindalvoimoveis.com.br/imovel/casa-de-164-m-na-rua-radialista-dolar-tanus-cassino-rio-grande-rs-a-venda-por-1300000/CA0702-LINL?from=sale,Casa,Rio Grande,Cassino,3 Quartos,1 Suíte,3 Banheiros,7 Vagas,"164 m²
 Área construída",1300000
1650141802-351,https://www.lindalvoimoveis.com.br/imoveis/a-venda/rio-grande?quartos=1+&preco-de-venda=1+&area=1+&suites=1+&vagas=1+&banheiros=1+&ordenar=menor-valor&pagina=2,"R$ 340.000CassinoCasa em Rio Grande2
quartos1
suíte1
banheiro 3
vagas114
m²DetalhesContatoCA0537-LINL",https://www.lindalvoimoveis.com.br/imovel/casa-com-2-dormitorios-a-venda-114-m-por-340000-cassino-rio-grande-rs/CA0537-LINL?from=sale,Casa,Rio Grande,Cassino,2 Quartos,1 Suíte,1 Banheiro,3 Vagas,"114 m²
 Área construída",340000
1650141963-405,https://www.lindalvoimoveis.com.br/imoveis/a-venda/rio-grande?quartos=1+&preco-de-venda=1+&area=1+&suites=1+&vagas=1+&banheiros=1+&ordenar=menor-valor&pagina=7,"R$ 1.200.000CassinoCasa em Rio Grande3
quartos1
suíte1
banheiro 4
vagas230
m²DetalhesContatoCA0845-LINL",https://www.lindalvoimoveis.com.br/imovel/casa-com-3-dormitorios-a-venda-230-m-por-1200000-cassino-rio-grande-rs/CA0845-LINL?from=sale,Casa,Rio Grande,Cassino,3 Quartos,1 Suíte,1 Banheiro,4 Vagas,"230 m²
 Área construída",1200000
1650141779-343,https://www.lindalvoimoveis.com.br/imoveis/a-venda/rio-grande?quartos=1+&preco-de-venda=1+&area=1+&suites=1+&vagas=1+&banheiros=1+&ordenar=menor-valor&pagina=1,"R$ 180.000SenandesCasa em Rio Grande2
quartos1
suíte2
banheiros3
vagas220
m²DetalhesContatoCA0369-LINL",https://www.lindalvoimoveis.com.br/imovel/casa-de-220-m-na-rua-fermino-amaral-senandes-rio-grande-rs-a-venda-por-180000/CA0369-LINL?from=sale,Casa,Rio Grande,Senandes,2 Quartos,1 Suíte,2 Banheiros,3 Vagas,"220 m²
 Área construída",180000
1650141850-368,https://www.lindalvoimoveis.com.br/imoveis/a-venda/rio-grande?quartos=1+&preco-de-venda=1+&area=1+&suites=1+&vagas=1+&banheiros=1+&ordenar=menor-valor&pagina=3,"R$ 366.000CassinoSobrado em Rio GrandeOportunidade! Excelente imóvel no Cassino - Loteamento Leivas Otero

Térreo:
- 02 dormitórios (sendo 1 suite)
- Sala de estar c/ lareira
- Banheiro social
- Lavanderia
- Área de serviço
- Churrasqueira
- 02 vagas

 Segundo piso:
- Ampla área Gourmet
- Lavabo
- Terraço ensolarado

- Piso porcelanato, gradeado, sistema à gás, aberturas em alumínio, alarme, cerca elétrica, portão automatizado, aberturas em alumínio e Pergolado.

* Semi mobiliado

- Frente Norte 

- R$375mil - Aceita financiamento2
quartos1
suíte1
banheiro 2
vagas160
m²DetalhesContatoSO0200-LINL",https://www.lindalvoimoveis.com.br/imovel/sobrado-a-venda-160-m-por-366000-cassino-rio-grande-rs/SO0200-LINL?from=sale,Sobrado,Rio Grande,Cassino,2 Quartos,1 Suíte,1 Banheiro,2 Vagas,"160 m²
 Área construída",366000
1650141789-346,https://www.lindalvoimoveis.com.br/imoveis/a-venda/rio-grande?quartos=1+&preco-de-venda=1+&area=1+&suites=1+&vagas=1+&banheiros=1+&ordenar=menor-valor&pagina=2,"R$ 350.000QuintaSobrado em Rio GrandeCasa boa para você que quer ficar tranquilo. Localizada no Povo Novo, em Rio Grande, uma ótima zona residencial para relaxar e curtir as belezas da natureza local.2
quartos1
suíte2
banheiros1
vaga64
m²DetalhesContatoSO0004-LINL",https://www.lindalvoimoveis.com.br/imovel/sobrado-de-64-m-na-rodovia-br-471-quinta-rio-grande-rs-a-venda-por-350000/SO0004-LINL?from=sale,Sobrado,Rio Grande,Quinta,2 Quartos,1 Suíte,2 Banheiros,1 Vaga,"64 m²
 Área construída",350000
1650141769-339,https://www.lindalvoimoveis.com.br/imoveis/a-venda/rio-grande?quartos=1+&preco-de-venda=1+&area=1+&suites=1+&vagas=1+&banheiros=1+&ordenar=menor-valor&pagina=1,"R$ 230.000BolaxaCasa em Rio GrandeCasa localizada no bolaxa. Excelente imóvel com 03 dormitórios sendo 01 suítes, área gourmet com churrasqueira e fogão a lenha, pátio e 4 vagas de garagem. Ideal para você aproveitar com sua família com no litoral. Zona tranquila e residencial. Agende uma visita e venha conhecer!3
quartos1
suíte1
banheiro 4
vagas150
m²DetalhesContatoCA0236-LINL",https://www.lindalvoimoveis.com.br/imovel/casa-de-150-m-na-rua-a-bolaxa-rio-grande-rs-a-venda-por-230000/CA0236-LINL?from=sale,Casa,Rio Grande,Bolaxa,3 Quartos,1 Suíte,1 Banheiro,4 Vagas,"150 m²
 Área construída",230000
1650141810-354,https://www.lindalvoimoveis.com.br/imoveis/a-venda/rio-grande?quartos=1+&preco-de-venda=1+&area=1+&suites=1+&vagas=1+&banheiros=1+&ordenar=menor-valor&pagina=2,"R$ 300.000CassinoSobrado em Rio GrandeÓtimo sobrado com peças amplas no Parque Cassino a meia quadra da avenida Atlântica. Na parte de baixo um dormitório amplo, cozinha ampla, banheiro e garagem. Na parte de cima, sala ampla e um dormitório com suíte.

Agende sua visita2
quartos1
suíte2
banheiros7
vagas84
m²DetalhesContatoSO0041-LINL",https://www.lindalvoimoveis.com.br/imovel/sobrado-de-84-m-na-rua-soedy-wildt-dos-santos-cassino-rio-grande-rs-a-venda-por-300000/SO0041-LINL?from=sale,Sobrado,Rio Grande,Cassino,2 Quartos,1 Suíte,2 Banheiros,7 Vagas,"84 m²
 Área construída",300000
1650142014-423,https://www.lindalvoimoveis.com.br/imoveis/a-venda/rio-grande?quartos=1+&preco-de-venda=1+&area=1+&suites=1+&vagas=1+&banheiros=1+&ordenar=menor-valor&pagina=8,"R$ 1.280.000CassinoSobrado em Rio Grande- Exclusividade na Praia do Cassino
 
- Sobrado novo com projeto contemporâneo de alto padrão, na região que mais cresce no Balneário. 

- Muito espaçoso, pátio e jardim junto a uma bela piscina. Na frente, área gourmet completa com churrasqueira, forno e fogão a lenha. Banheiro social. Um belo ambiente para receber os amigos. 

- Garagem fechada para 3 carros e área para mais 2 veículos no espaço do pátio. 

- No andar térreo conta com amplas salas de estar, jantar com lareira e cozinha tipo americana integradas. 1 dormitório, banheiro completo e lavanderia. 

- No segundo pavimento muita iluminação natural, amplas aberturas (PVC), sacada com vista panorâmica e também para a piscina. Sala de TV, 3 dormitórios, sendo uma suíte com closet, banheiro social para atender os dormitórios. 

- Sistema de segurança completo e automatizado, câmeras de monitoramento, alarme e cerca elétrica. 

- Aberturas em PVC e madeira de lei. 

- Persianas automatizadas. 

- Piscina com aquecimento solar e aquecimento a gás na cozinha e banheiros.

- Terreno com 420m² e 292m² área construída.

Mais informacoes: 
53 9 99997465 whatsapp4
quartos1
suíte2
banheiros5
vagas292
m²DetalhesContatoSO0206-LINL",https://www.lindalvoimoveis.com.br/imovel/casa-alto-padrao-na-praia-do-cassino/SO0206-LINL?from=sale,Sobrado,Rio Grande,Cassino,4 Quartos,1 Suíte,2 Banheiros,5 Vagas,"292 m²
 Área construída",1280000
1650141863-372,https://www.lindalvoimoveis.com.br/imoveis/a-venda/rio-grande?quartos=1+&preco-de-venda=1+&area=1+&suites=1+&vagas=1+&banheiros=1+&ordenar=menor-valor&pagina=4,"R$ 450.000IPTU R$ 150/mêsParque GuanabaraCasa em Rio Grande-Uma casa completa, pronto para moradia. Cozinha planejada, área gourmet invejável para receber família e amigos. A casa possui também portão eletrônico, grades em todas janelas, piso flutuante nos quartos e porcelanato no restante. Piscina coberta com chapas de policarbonato e iluminação em Led com acabamento em deck de madeira. E para melhorar a casa tem entradas da área de lazer e da garagem dos carros, podendo ser uma salão amplo, para o patio e piscina.

- Possui isolamento acústico, a área social é totalmente isolada da intima. Apenas 4 anos de construção, casa muito nova, feita com tijolos deitados. São 230 m² de área construída. Garagem para 4 carros. Muros altos com 4 metros de altura, serpentina para maior segurança. 

-Não deixe de visitar e conhecer a beleza desse imóvel de perto!

-Só entrar em contato com nossos corretores.3
quartos1
suíte3
banheiros5
vagas230
m²DetalhesContatoCA0565-LINL",https://www.lindalvoimoveis.com.br/imovel/casa-com-3-dormitorios-a-venda-230-m-por-450000-parque-guanabara-rio-grande-rs/CA0565-LINL?from=sale,Casa,Rio Grande,Parque Guanabara,3 Quartos,1 Suíte,3 Banheiros,5 Vagas,"230 m²
 Área construída",450000
1650141986-414,https://www.lindalvoimoveis.com.br/imoveis/a-venda/rio-grande?quartos=1+&preco-de-venda=1+&area=1+&suites=1+&vagas=1+&banheiros=1+&ordenar=menor-valor&pagina=7,"R$ 900.000Parque Residencial Salgado FilhoCasa em Rio GrandeAceita financiamento e permuta por imóveis cassino ou Santa Catarina !
Casa  ampla e super bem localizada4
quartos2
suítes1
banheiro 6
vagas305
m²DetalhesContatoCA0988-LINL",https://www.lindalvoimoveis.com.br/imovel/casa-com-4-dormitorios-a-venda-patio-garagem-para-6-carros-e-muito-mais-ver-a-descricao/CA0988-LINL?from=sale,Casa,Rio Grande,Parque Residencial Salgado Filho,4 Quartos,2 Suítes,1 Banheiro,6 Vagas,"305 m²
 Área construída",900000
1650141948-401,https://www.lindalvoimoveis.com.br/imoveis/a-venda/rio-grande?quartos=1+&preco-de-venda=1+&area=1+&suites=1+&vagas=1+&banheiros=1+&ordenar=menor-valor&pagina=6,"R$ 650.000CassinoSobrado em Rio GrandeImóvel de bom gosto e praticidade para pessoas exigentes. Localizado na Praia do Cassino próximo de calçamento, mercados, transporte público e a poucos metros da praia, tudo isso em uma casa novíssima construída no final de 2016. Venha conferir!3
quartos1
suíte2
banheiros2
vagas175
m²DetalhesContatoSO0024-LINL",https://www.lindalvoimoveis.com.br/imovel/sobrado-de-175-m-na-rua-herval-do-sul-cassino-rio-grande-rs-a-venda-por-650000/SO0024-LINL?from=sale,Sobrado,Rio Grande,Cassino,3 Quartos,1 Suíte,2 Banheiros,2 Vagas,"175 m²
 Área construída",650000
1650141782-344,https://www.lindalvoimoveis.com.br/imoveis/a-venda/rio-grande?quartos=1+&preco-de-venda=1+&area=1+&suites=1+&vagas=1+&banheiros=1+&ordenar=menor-valor&pagina=1,"R$ 170.000Getúlio VargasCasa em Rio GrandeAceita imóvel de menor valor.3
quartos1
suíte2
banheiros1
vaga150
m²DetalhesContatoCA0514-LINL",https://www.lindalvoimoveis.com.br/imovel/casa-de-150-m-na-rua-saul-porto-getulio-vargas-rio-grande-rs-a-venda-por-170000/CA0514-LINL?from=sale,Casa,Rio Grande,Getúlio Vargas,3 Quartos,1 Suíte,2 Banheiros,1 Vaga,"150 m²
 Área construída",170000
1650141920-392,https://www.lindalvoimoveis.com.br/imoveis/a-venda/rio-grande?quartos=1+&preco-de-venda=1+&area=1+&suites=1+&vagas=1+&banheiros=1+&ordenar=menor-valor&pagina=5,"R$ 490.000Condomínio R$ 150Cidade NovaApartamento em Rio GrandeSala de Jantar, Área de Servico, Sala de Estar, Cozinha.
Estuda proposta por apartamento de menor valor.
Aceita apartamento de menor valor.3
quartos1
suíte1
banheiro 1
vaga150
m²DetalhesContatoAP0171-LINL",https://www.lindalvoimoveis.com.br/imovel/apartamento-de-150-m-na-rua-dom-bosco-cidade-nova-rio-grande-rs-a-venda-por-490000/AP0171-LINL?from=sale,Apartamento,Rio Grande,Cidade Nova,3 Quartos,1 Suíte,1 Banheiro,1 Vaga,"150 m²
 Área útil",490000
1650141918-391,https://www.lindalvoimoveis.com.br/imoveis/a-venda/rio-grande?quartos=1+&preco-de-venda=1+&area=1+&suites=1+&vagas=1+&banheiros=1+&ordenar=menor-valor&pagina=5,"R$ 500.000BolaxaCasa em Rio GrandeLinda casa localizada no Bolaxa, uma quadra da RS 734, com boa frente solar,  casa com ótima distribuição e dependências amplas.
Casa conta com uma super suíte, cozinha com móveis planejados, área de lazer com churrasqueira, quintal, sala de estar, sala de jantar, garagem fechada e muito mais.Para sua segurança a casa conta com sistema de câmeras, aberturas todas com grades, sensores de alarme,  
Agende já uma visita com um de nossos corretores.2
quartos1
suíte2
banheiros3
vagas202
m²DetalhesContatoCA0641-LINL",https://www.lindalvoimoveis.com.br/imovel/casa-de-202-m-na-rua-joao-manoel-paranhos-bolaxa-rio-grande-rs-a-venda-por-500000/CA0641-LINL?from=sale,Casa,Rio Grande,Bolaxa,2 Quartos,1 Suíte,2 Banheiros,3 Vagas,"202 m²
 Área construída",500000
1650141772-340,https://www.lindalvoimoveis.com.br/imoveis/a-venda/rio-grande?quartos=1+&preco-de-venda=1+&area=1+&suites=1+&vagas=1+&banheiros=1+&ordenar=menor-valor&pagina=1,"R$ 230.000CassinoSobrado em Rio Grande4
quartos1
suíte1
banheiro 2
vagas160
m²DetalhesContatoSO0176-LINL",https://www.lindalvoimoveis.com.br/imovel/sobrado-de-160-m-na-avenida-luiz-leivas-otero-cassino-rio-grande-rs-a-venda-por-230000/SO0176-LINL?from=sale,Sobrado,Rio Grande,Cassino,4 Quartos,1 Suíte,1 Banheiro,2 Vagas,"160 m²
 Área construída",230000
1650141815-356,https://www.lindalvoimoveis.com.br/imoveis/a-venda/rio-grande?quartos=1+&preco-de-venda=1+&area=1+&suites=1+&vagas=1+&banheiros=1+&ordenar=menor-valor&pagina=2,"R$ 295.000CassinoCasa em Rio GrandeSão duas casas sob o mesmo terreno totalmente individualizadas, casa principal de esquina com três dormitórios, sala com lareira, cozinha um banheiro e garagem fechada para dois carros, segunda casa entrada pela rua lateral com uma suíte, sala, cozinha, churrasqueira, lavanderia.
Venha fazer uma visita e fechar ótimos negócios.4
quartos1
suíte2
banheiros4
vagas110
m²DetalhesContatoCA0146-LINL",https://www.lindalvoimoveis.com.br/imovel/casa-de-110-m-na-rua-ferroviario-antonio-de-souza-netto-cassino-rio-grande-rs-a-venda-por-295000/CA0146-LINL?from=sale,Casa,Rio Grande,Cassino,4 Quartos,1 Suíte,2 Banheiros,4 Vagas,"110 m²
 Área construída",295000
1650141885-380,https://www.lindalvoimoveis.com.br/imoveis/a-venda/rio-grande?quartos=1+&preco-de-venda=1+&area=1+&suites=1+&vagas=1+&banheiros=1+&ordenar=menor-valor&pagina=4,"R$ 420.000CassinoCasa em Rio GrandeAgende sua visita! 

53 9 99997465 whatsapp4
quartos1
suíte1
banheiro 4
vagas162
m²DetalhesContatoCA0978-LINL",https://www.lindalvoimoveis.com.br/imovel/casa-com-4-dormitorios-a-venda-162-m-por-420000-cassino-rio-grande-rs/CA0978-LINL?from=sale,Casa,Rio Grande,Cassino,4 Quartos,1 Suíte,1 Banheiro,4 Vagas,"162 m²
 Área construída",420000
1650141795-348,https://www.lindalvoimoveis.com.br/imoveis/a-venda/rio-grande?quartos=1+&preco-de-venda=1+&area=1+&suites=1+&vagas=1+&banheiros=1+&ordenar=menor-valor&pagina=2,"R$ 350.000CassinoSobrado em Rio GrandeSobrado amplo com ótimo padrão de construção na querência. Agende sua visita!4
quartos1
suíte3
banheiros3
vagas150
m²DetalhesContatoSO0095-LINL",https://www.lindalvoimoveis.com.br/imovel/sobrado-de-150-m-na-avenida-brasil-cassino-rio-grande-rs-a-venda-por-350000/SO0095-LINL?from=sale,Sobrado,Rio Grande,Cassino,4 Quartos,1 Suíte,3 Banheiros,3 Vagas,"150 m²
 Área construída",350000
1650141913-389,https://www.lindalvoimoveis.com.br/imoveis/a-venda/rio-grande?quartos=1+&preco-de-venda=1+&area=1+&suites=1+&vagas=1+&banheiros=1+&ordenar=menor-valor&pagina=5,"R$ 500.000CassinoCasa em Rio GrandeLOCALIZAÇÃO PRIVILEGIADA - Casa de esquina, duas quadras da Av. Rio Grande. Agende sua visita!3
quartos1
suíte2
banheiros2
vagas130
m²DetalhesContatoCA0685-LINL",https://www.lindalvoimoveis.com.br/imovel/casa-com-3-dormitorios-a-venda-130-m-por-500000-cassino-rio-grande-rs/CA0685-LINL?from=sale,Casa,Rio Grande,Cassino,3 Quartos,1 Suíte,2 Banheiros,2 Vagas,"130 m²
 Área construída",500000
1650141797-349,https://www.lindalvoimoveis.com.br/imoveis/a-venda/rio-grande?quartos=1+&preco-de-venda=1+&area=1+&suites=1+&vagas=1+&banheiros=1+&ordenar=menor-valor&pagina=2,"R$ 350.000CassinoCasa em Rio GrandeImóvel com uma ótima localização, todas as peças bem esposas em breve fotos internas...2
quartos2
suítes4
banheiros4
vagas180
m²DetalhesContatoCA0709-LINL",https://www.lindalvoimoveis.com.br/imovel/casa-de-180-m-na-rua-panambi-cassino-rio-grande-rs-a-venda-por-350000/CA0709-LINL?from=sale,Casa,Rio Grande,Cassino,2 Quartos,2 Suítes,4 Banheiros,4 Vagas,"180 m²
 Área construída",350000
1650141981-412,https://www.lindalvoimoveis.com.br/imoveis/a-venda/rio-grande?quartos=1+&preco-de-venda=1+&area=1+&suites=1+&vagas=1+&banheiros=1+&ordenar=menor-valor&pagina=7,"R$ 1.000.000CassinoSobrado em Rio Grande6
quartos1
suíte2
banheiros3
vagas250
m²DetalhesContatoSO0133-LINL",https://www.lindalvoimoveis.com.br/imovel/sobrado-de-250-m-na-rua-santa-vitoria-cassino-rio-grande-rs-a-venda-por-1000000/SO0133-LINL?from=sale,Sobrado,Rio Grande,Cassino,6 Quartos,1 Suíte,2 Banheiros,3 Vagas,"250 m²
 Área construída",1000000
1650141984-413,https://www.lindalvoimoveis.com.br/imoveis/a-venda/rio-grande?quartos=1+&preco-de-venda=1+&area=1+&suites=1+&vagas=1+&banheiros=1+&ordenar=menor-valor&pagina=7,"R$ 945.000CassinoCasa em Rio Grande3
quartos1
suíte3
banheiros4
vagas235
m²DetalhesContatoCA0602-LINL",https://www.lindalvoimoveis.com.br/imovel/casa-de-235-m-na-rua-santa-maria-cassino-rio-grande-rs-a-venda-por-945000/CA0602-LINL?from=sale,Casa,Rio Grande,Cassino,3 Quartos,1 Suíte,3 Banheiros,4 Vagas,"235 m²
 Área construída",945000
1650141876-377,https://www.lindalvoimoveis.com.br/imoveis/a-venda/rio-grande?quartos=1+&preco-de-venda=1+&area=1+&suites=1+&vagas=1+&banheiros=1+&ordenar=menor-valor&pagina=4,"R$ 424.000CassinoCasa em Rio GrandeO MAR AOS SEUS PÉS ... Linda casa no Cassino, localizada em uma das áreas mais procuradas do bairro. Ideal para quem quer aproveitar a vida bem pertinho da praia para esquecer o stress do dia a dia. A casa tem 03 dormitórios, sendo 01 suíte; Churrasqueiras; 4 vagas cobertas, 2 descobertas de vagas para carro; ampla sala; ampla coziha. Perfeita para morar e/ou veranear. Casa recém reformada. Vem conhecer e se encantar com este lugar de sossego!3
quartos1
suíte2
banheiros6
vagas200
m²DetalhesContatoCA0229-LINL",https://www.lindalvoimoveis.com.br/imovel/casa-de-200-m-na-rua-paulino-modernell-cassino-rio-grande-rs-a-venda-por-424000/CA0229-LINL?from=sale,Casa,Rio Grande,Cassino,3 Quartos,1 Suíte,2 Banheiros,6 Vagas,"200 m²
 Área construída",424000
1650141937-397,https://www.lindalvoimoveis.com.br/imoveis/a-venda/rio-grande?quartos=1+&preco-de-venda=1+&area=1+&suites=1+&vagas=1+&banheiros=1+&ordenar=menor-valor&pagina=6,"R$ 820.000Cidade NovaCasa em Rio GrandePensando em morar bem, com conforto e qualidade? 
Esta bela casa lhe proporcionará isso. Com todo conforto. Espaço gourmet sensacional! Para vocÊ juntar amigos e família e aproveiutar. Além de ampla gharagem, que viabiliza você caso queira, até ter negocio, comércio.3
quartos3
suítes4
banheiros5
vagas400
m²DetalhesContatoCA0769-LINL",https://www.lindalvoimoveis.com.br/imovel/belissima-casa-cidade-nova/CA0769-LINL?from=sale,Casa,Rio Grande,Cidade Nova,3 Quartos,3 Suítes,4 Banheiros,5 Vagas,"400 m²
 Área construída",820000
1650141890-381,https://www.lindalvoimoveis.com.br/imoveis/a-venda/rio-grande?quartos=1+&preco-de-venda=1+&area=1+&suites=1+&vagas=1+&banheiros=1+&ordenar=menor-valor&pagina=5,"R$ 550.000CassinoCasa em Rio GrandeUma casa bem localizada, três quadras da avenida e três quadras da praia, rua com pavimentação, frente solar norte. Casa principal com dois dormitórios sendo uma suíte, sala, cozinha ampla e banheiro, garagem para dois carros uma churrasqueira na garagem, todas as dependências bem amplas e ensolaradas.
Nos fundos um dormitório, sala, cozinha, banheiro e lavanderia.
Em cima sala com cozinha americana, um dormitório com sacada e banheiro.
Agende já uma visita com um de nossos especialistas.4
quartos1
suíte3
banheiros3
vagas250
m²DetalhesContatoCA0668-LINL",https://www.lindalvoimoveis.com.br/imovel/casa-de-250-m-na-rua-luiz-germano-cassino-rio-grande-rs-a-venda-por-550000/CA0668-LINL?from=sale,Casa,Rio Grande,Cassino,4 Quartos,1 Suíte,3 Banheiros,3 Vagas,"250 m²
 Área construída",550000
1650141910-388,https://www.lindalvoimoveis.com.br/imoveis/a-venda/rio-grande?quartos=1+&preco-de-venda=1+&area=1+&suites=1+&vagas=1+&banheiros=1+&ordenar=menor-valor&pagina=5,"R$ 500.000R$ 2.000/mêsCidade NovaCasa em Rio Grande1
quarto1
suíte2
banheiros4
vagas65
m²DetalhesContatoCA0376-LINL",https://www.lindalvoimoveis.com.br/imovel/casa-de-65-m-na-rua-tiradentes-cidade-nova-rio-grande-rs-a-venda-por-500000-ou-aluguel-por-2000-mes/CA0376-LINL?from=sale,Casa,Rio Grande,Cidade Nova,1 Quarto,1 Suíte,2 Banheiros,4 Vagas,"65 m²
 Área construída",500000
1650141847-367,https://www.lindalvoimoveis.com.br/imoveis/a-venda/rio-grande?quartos=1+&preco-de-venda=1+&area=1+&suites=1+&vagas=1+&banheiros=1+&ordenar=menor-valor&pagina=3,"R$ 370.000CassinoCasa em Rio GrandeÓtima casa próxima ao horto municipal do Cassino. Uma quadra de rua pavimentada com acesso as principais avenidas.5
quartos2
suítes1
banheiro 6
vagas120
m²DetalhesContatoCA0906-LINL",https://www.lindalvoimoveis.com.br/imovel/casa-no-cassino-rio-grande-rs/CA0906-LINL?from=sale,Casa,Rio Grande,Cassino,5 Quartos,2 Suítes,1 Banheiro,6 Vagas,"120 m²
 Área construída",370000
1650141965-406,https://www.lindalvoimoveis.com.br/imoveis/a-venda/rio-grande?quartos=1+&preco-de-venda=1+&area=1+&suites=1+&vagas=1+&banheiros=1+&ordenar=menor-valor&pagina=7,"R$ 1.200.000CassinoCasa em Rio Grande3
quartos2
suítes2
banheiros4
vagas170
m²DetalhesContatoCA0844-LINL",https://www.lindalvoimoveis.com.br/imovel/casa-de-170-m-na-rua-dos-platanos-cassino-rio-grande-rs-a-venda-por-1200000/CA0844-LINL?from=sale,Casa,Rio Grande,Cassino,3 Quartos,2 Suítes,2 Banheiros,4 Vagas,"170 m²
 Área construída",1200000
1650141968-407,https://www.lindalvoimoveis.com.br/imoveis/a-venda/rio-grande?quartos=1+&preco-de-venda=1+&area=1+&suites=1+&vagas=1+&banheiros=1+&ordenar=menor-valor&pagina=7,"R$ 1.200.000CassinoCasa em Rio GrandeCasa de esquina, localizada em rua pavimentada, com lareira, piscina, churrasqueira, posição solar privilegiada, terreno 700 m², marque sua visita!!4
quartos1
suíte3
banheiros6
vagas420
m²DetalhesContatoCA0553-LINL",https://www.lindalvoimoveis.com.br/imovel/casa-de-esquina-otima-localizacao-com-piscina/CA0553-LINL?from=sale,Casa,Rio Grande,Cassino,4 Quartos,1 Suíte,3 Banheiros,6 Vagas,"420 m²
 Área construída",1200000
1650141855-369,https://www.lindalvoimoveis.com.br/imoveis/a-venda/rio-grande?quartos=1+&preco-de-venda=1+&area=1+&suites=1+&vagas=1+&banheiros=1+&ordenar=menor-valor&pagina=4,"R$ 480.000CentroApartamento em Rio GrandeCom uma bela vista , um apartamento com conforto, Com 3 dormitórios, sendo um suíte, com armários sob medida. Em uma localização privilegiada.  Venha conferir!3
quartos1
suíte1
banheiro 1
vaga100
m²DetalhesContatoAP0473-LINL",https://www.lindalvoimoveis.com.br/imovel/apartamento-de-100-m-na-rua-doutor-nascimento-centro-rio-grande-rs-a-venda-por-480000/AP0473-LINL?from=sale,Apartamento,Rio Grande,Centro,3 Quartos,1 Suíte,1 Banheiro,1 Vaga,"100 m²
 Área útil",480000
1650141805-352,https://www.lindalvoimoveis.com.br/imoveis/a-venda/rio-grande?quartos=1+&preco-de-venda=1+&area=1+&suites=1+&vagas=1+&banheiros=1+&ordenar=menor-valor&pagina=2,"R$ 320.000CassinoCasa em Rio GrandeCasa mista no centro do terreno, bem arejada, ótima posição solar (frente norte). Próximo de rua calçada, mercados, escolas, transporte público e comércios em geral. Possui pátio amplo com piscina e bastante espaço para futuras ampliações.
Aceita permutas!2
quartos2
suítes2
banheiros3
vagas80
m²DetalhesContatoCA0223-LINL",https://www.lindalvoimoveis.com.br/imovel/casa-de-80-m-na-rua-dezenove-cassino-rio-grande-rs-a-venda-por-320000/CA0223-LINL?from=sale,Casa,Rio Grande,Cassino,2 Quartos,2 Suítes,2 Banheiros,3 Vagas,"80 m²
 Área construída",320000
1650141860-371,https://www.lindalvoimoveis.com.br/imoveis/a-venda/rio-grande?quartos=1+&preco-de-venda=1+&area=1+&suites=1+&vagas=1+&banheiros=1+&ordenar=menor-valor&pagina=4,"R$ 450.000CassinoCasa em Rio Grande2
quartos1
suíte1
banheiro 1
vaga200
m²DetalhesContatoCA0858-LINL",https://www.lindalvoimoveis.com.br/imovel/casa-com-2-dormitorios-a-venda-200-m-por-450000-cassino-rio-grande-rs/CA0858-LINL?from=sale,Casa,Rio Grande,Cassino,2 Quartos,1 Suíte,1 Banheiro,1 Vaga,"200 m²
 Área construída",450000
1650141957-404,https://www.lindalvoimoveis.com.br/imoveis/a-venda/rio-grande?quartos=1+&preco-de-venda=1+&area=1+&suites=1+&vagas=1+&banheiros=1+&ordenar=menor-valor&pagina=6,"R$ 580.000Parque Residencial Jardim do SolCasa em Rio Grandeimóvel impecável. ficam as mobílias da cozinha sob medida. aparador sob medida do hall de entrada . armários sob medida quarto casal. e armários wc´s.3
quartos1
suíte2
banheiros5
vagas280
m²DetalhesContatoCA0466-LINL",https://www.lindalvoimoveis.com.br/imovel/casa-de-280-m-na-avenida-senador-tarso-dutra-parque-residencial-jardim-do-sol-rio-grande-rs-a-venda-por-580000/CA0466-LINL?from=sale,Casa,Rio Grande,Parque Residencial Jardim do Sol,3 Quartos,1 Suíte,2 Banheiros,5 Vagas,"280 m²
 Área construída",580000
1650141866-373,https://www.lindalvoimoveis.com.br/imoveis/a-venda/rio-grande?quartos=1+&preco-de-venda=1+&area=1+&suites=1+&vagas=1+&banheiros=1+&ordenar=menor-valor&pagina=4,"R$ 430.000Condomínio R$ 500CentroApartamento em Rio GrandeÓtimo apartamento . Ensolarado, com peças amplas . 
Em localização privilegiada.3
quartos2
suítes3
banheiros1
vaga120
m²DetalhesContatoAP0596-LINL",https://www.lindalvoimoveis.com.br/imovel/apartamento-de-120-m-na-avenida-silva-paes-centro-rio-grande-rs-a-venda-por-430000/AP0596-LINL?from=sale,Apartamento,Rio Grande,Centro,3 Quartos,2 Suítes,3 Banheiros,1 Vaga,"120 m²
 Área útil",430000
1650141991-416,https://www.lindalvoimoveis.com.br/imoveis/a-venda/rio-grande?quartos=1+&preco-de-venda=1+&area=1+&suites=1+&vagas=1+&banheiros=1+&ordenar=menor-valor&pagina=7,"R$ 850.000R$ 3.800/mêsCondomínio R$ 800CentroApartamento em Rio GrandeLindo apartamento tipo cobertura, com 4 dormitórios, sendo 2 suítes, 2 salas com lareira, 2 sacadas. 
Belissima vista panorâmica.
Prédio com salão de festas.
Sacada com churrasqueira.4
quartos2
suítes3
banheiros1
vaga240
m²DetalhesContatoAP0700-LINL",https://www.lindalvoimoveis.com.br/imovel/apartamento-com-4-dormitorios-240-m-venda-por-850000-ou-aluguel-por-3800-mes-centro-rio-grande-rs/AP0700-LINL?from=sale,Apartamento,Rio Grande,Centro,4 Quartos,2 Suítes,3 Banheiros,1 Vaga,"240 m²
 Área útil",850000
1650141954-403,https://www.lindalvoimoveis.com.br/imoveis/a-venda/rio-grande?quartos=1+&preco-de-venda=1+&area=1+&suites=1+&vagas=1+&banheiros=1+&ordenar=menor-valor&pagina=6,"R$ 590.000CassinoCasa em Rio GrandeCasa impecável, com conforto, bom gosto nos detalhes e na infraestrutura, perfeita para quem gosta de aproveitar o melhor que a vida oferece...lazer e bem estar com a família!
São duas casas com piso porcelanato, gás encanado,alarme,banheira de hidromassagem,área gourmet com churrasqueira e entre elas uma piscina.
Venha fazer uma visita e fechar um ótimo negócio.4
quartos1
suíte4
banheiros2
vagas85
m²DetalhesContatoCA0118-LINL",https://www.lindalvoimoveis.com.br/imovel/casa-de-85-m-na-rua-trinta-cassino-rio-grande-rs-a-venda-por-590000/CA0118-LINL?from=sale,Casa,Rio Grande,Cassino,4 Quartos,1 Suíte,4 Banheiros,2 Vagas,"85 m²
 Área construída",590000
1650141761-336,https://www.lindalvoimoveis.com.br/imoveis/a-venda/rio-grande?quartos=1+&preco-de-venda=1+&area=1+&suites=1+&vagas=1+&banheiros=1+&ordenar=menor-valor&pagina=1,"R$ 250.000CassinoCasa em Rio GrandeCasa no Cassino, localizada próximo a rua calçada. Excelente imóvel com 04 dormitórios, com churrasqueira, lareira, 02 banheiros, pátio e 4 vagas ou mais no pátio. Ideal para você aproveitar com sua família no litoral. Zona tranquila e residencial. Agende uma visita e venha conhecer!4
quartos1
suíte2
banheiros4
vagas90
m²DetalhesContatoCA0214-LINL",https://www.lindalvoimoveis.com.br/imovel/casa-de-90-m-na-rua-professora-odette-ribeiro-seus-cassino-rio-grande-rs-a-venda-por-250000/CA0214-LINL?from=sale,Casa,Rio Grande,Cassino,4 Quartos,1 Suíte,2 Banheiros,4 Vagas,"90 m²
 Área construída",250000
1650141833-362,https://www.lindalvoimoveis.com.br/imoveis/a-venda/rio-grande?quartos=1+&preco-de-venda=1+&area=1+&suites=1+&vagas=1+&banheiros=1+&ordenar=menor-valor&pagina=3,"R$ 380.000Getúlio VargasCasa em Rio Grande4
quartos2
suítes4
banheiros3
vagas223
m²DetalhesContatoCA0484-LINL",https://www.lindalvoimoveis.com.br/imovel/casa-de-223-m-na-rua-guarda-marinha-greenhalg-getulio-vargas-rio-grande-rs-a-venda-por-380000/CA0484-LINL?from=sale,Casa,Rio Grande,Getúlio Vargas,4 Quartos,2 Suítes,4 Banheiros,3 Vagas,"223 m²
 Área construída",380000
1650141904-386,https://www.lindalvoimoveis.com.br/imoveis/a-venda/rio-grande?quartos=1+&preco-de-venda=1+&area=1+&suites=1+&vagas=1+&banheiros=1+&ordenar=menor-valor&pagina=5,"R$ 550.000CentroCasa em Rio Grandesou um sobrado daqueles! amplo, tipo colonial. piso todo em tabua. aberturas todas em madeira boa. muito amplo, consigo com certeza acomodar toda sua família, sem faltar lugar para ninguém. nos meus fundos ainda tem tipo um apartamento se quiser. pátio amplo. uma lareira em minha sala para as noites frias do inverno.  nos fundos também conto com uma boa churrasqueira. ainda para me deixar mais atraente, fico no centro da cidade.4
quartos1
suíte4
banheiros1
vaga200
m²DetalhesContatoCA0555-LINL",https://www.lindalvoimoveis.com.br/imovel/casa-de-200-m-na-praca-sete-de-setembro-centro-rio-grande-rs-a-venda-por-550000/CA0555-LINL?from=sale,Casa,Rio Grande,Centro,4 Quartos,1 Suíte,4 Banheiros,1 Vaga,"200 m²
 Área construída",550000
1650141896-383,https://www.lindalvoimoveis.com.br/imoveis/a-venda/rio-grande?quartos=1+&preco-de-venda=1+&area=1+&suites=1+&vagas=1+&banheiros=1+&ordenar=menor-valor&pagina=5,"R$ 550.000Condomínio R$ 1.800ArealApartamento em Rio Grande3
quartos2
suítes1
banheiro 2
vagas140
m²DetalhesContatoAP0649-LINL",https://www.lindalvoimoveis.com.br/imovel/apartamento-de-140-m-na-rua-barao-de-cotegipe-areal-rio-grande-rs-a-venda-por-550000/AP0649-LINL?from=sale,Apartamento,Rio Grande,Areal,3 Quartos,2 Suítes,1 Banheiro,2 Vagas,"140 m²
 Área útil",550000
1650141932-395,https://www.lindalvoimoveis.com.br/imoveis/a-venda/rio-grande?quartos=1+&preco-de-venda=1+&area=1+&suites=1+&vagas=1+&banheiros=1+&ordenar=menor-valor&pagina=6,"R$ 850.000Parque Residencial Salgado FilhoCasa em Rio GrandeAmplo sobrado com ótima localização central, próximo ao IFSul, supermercados, postos de combustíveis e diversos comércios. Possibilidade de ser um salão na parte inferior, com dois banheiros sociais. Ótima posição solar frente norte, lareira, terraço e mezanino. Estuda proposta e permuta por imóvel de menor valor.4
quartos1
suíte4
banheiros6
vagas350
m²DetalhesContatoCA0616-LINL",https://www.lindalvoimoveis.com.br/imovel/casa-de-350-m-na-rua-senador-salgado-filho-parque-residencial-salgado-filho-rio-grande-rs-a-venda-por-850000/CA0616-LINL?from=sale,Casa,Rio Grande,Parque Residencial Salgado Filho,4 Quartos,1 Suíte,4 Banheiros,6 Vagas,"350 m²
 Área construída",850000
1650141940-398,https://www.lindalvoimoveis.com.br/imoveis/a-venda/rio-grande?quartos=1+&preco-de-venda=1+&area=1+&suites=1+&vagas=1+&banheiros=1+&ordenar=menor-valor&pagina=6,"R$ 750.000QuintaChácara em Rio GrandeChácara no Povo Novo em lugar lindo e tranquilo, com fazendas vizinhas nos arredores, entrada de acesso pelo Corredor da Figueira na estrada entre Rio Grande e Pelotas, distante 1km da RS-471.
Venha conferir!3
quartos1
suíte2
banheiros1
vaga18,50
hectaresDetalhesContatoCH0005-LINL",https://www.lindalvoimoveis.com.br/imovel/chacara-de-19-hectares-na-rodovia-br-471-quinta-rio-grande-rs-a-venda-por-750000/CH0005-LINL?from=sale,Chácara,Rio Grande,Quinta,3 Quartos,1 Suíte,2 Banheiros,1 Vaga,"0 m²
 Área construída",750000
1650141836-363,https://www.lindalvoimoveis.com.br/imoveis/a-venda/rio-grande?quartos=1+&preco-de-venda=1+&area=1+&suites=1+&vagas=1+&banheiros=1+&ordenar=menor-valor&pagina=3,"R$ 380.000CassinoCasa em Rio GrandeCasa no Cassino, excelente opção para quem decidir morar na praia o ano inteiro. Se você procura tranquilidade e ótima moradia, encontrou. Venha conhecer!
--Aceita financiamento
--Aceita Troca por Apartamento no Cassino.3
quartos1
suíte3
banheiros5
vagas200
m²DetalhesContatoCA0071-LINL",https://www.lindalvoimoveis.com.br/imovel/casa-de-200-m-na-rua-osmar-granello-cassino-rio-grande-rs-a-venda-por-380000/CA0071-LINL?from=sale,Casa,Rio Grande,Cassino,3 Quartos,1 Suíte,3 Banheiros,5 Vagas,"200 m²
 Área construída",380000
1650141899-384,https://www.lindalvoimoveis.com.br/imoveis/a-venda/rio-grande?quartos=1+&preco-de-venda=1+&area=1+&suites=1+&vagas=1+&banheiros=1+&ordenar=menor-valor&pagina=5,"R$ 550.000Cidade NovaCasa em Rio GrandeÓtima casa . Com área coberta com churrasqueira . Piscina de 7,00 x 2,90 .3
quartos1
suíte2
banheiros3
vagas190
m²DetalhesContatoCA0314-LINL",https://www.lindalvoimoveis.com.br/imovel/casa-de-190-m-na-rua-buarque-de-macedo-cidade-nova-rio-grande-rs-a-venda-por-550000/CA0314-LINL?from=sale,Casa,Rio Grande,Cidade Nova,3 Quartos,1 Suíte,2 Banheiros,3 Vagas,"190 m²
 Área construída",550000
1650141774-341,https://www.lindalvoimoveis.com.br/imoveis/a-venda/rio-grande?quartos=1+&preco-de-venda=1+&area=1+&suites=1+&vagas=1+&banheiros=1+&ordenar=menor-valor&pagina=1,"R$ 210.000Getúlio VargasCasa em Rio Grande3
quartos1
suíte2
banheiros1
vaga160
m²DetalhesContatoCA0687-LINL",https://www.lindalvoimoveis.com.br/imovel/casa-de-160-m-na-rua-mascarenhas-de-moraes-getulio-vargas-rio-grande-rs-a-venda-por-210000/CA0687-LINL?from=sale,Casa,Rio Grande,Getúlio Vargas,3 Quartos,1 Suíte,2 Banheiros,1 Vaga,"160 m²
 Área construída",210000
1650141812-355,https://www.lindalvoimoveis.com.br/imoveis/a-venda/rio-grande?quartos=1+&preco-de-venda=1+&area=1+&suites=1+&vagas=1+&banheiros=1+&ordenar=menor-valor&pagina=2,"R$ 300.000CentroCasa em Rio GrandeCasa central em Rio Grande ideal para reformas, investidores e empreendimentos. Próximo de mercados, escolas, comércios e a poucos minutos da saída da cidade. Venha conferir!3
quartos1
suíte4
banheiros3
vagas175
m²DetalhesContatoCA0107-LINL",https://www.lindalvoimoveis.com.br/imovel/casa-de-175-m-na-rua-coronel-sampaio-centro-rio-grande-rs-a-venda-por-300000/CA0107-LINL?from=sale,Casa,Rio Grande,Centro,3 Quartos,1 Suíte,4 Banheiros,3 Vagas,"175 m²
 Área construída",300000
1650141800-350,https://www.lindalvoimoveis.com.br/imoveis/a-venda/rio-grande?quartos=1+&preco-de-venda=1+&area=1+&suites=1+&vagas=1+&banheiros=1+&ordenar=menor-valor&pagina=2,"R$ 340.000R$ 300/diaCassinoCasa em Rio GrandeCasa no Cassino com conforto, e qualidade,  conta ainda com um ótimo espaço de lazer com churrasqueira e uma bela piscina.3
quartos1
suíte1
banheiro 4
vagas2
m²DetalhesContatoCA0131-LINL",https://www.lindalvoimoveis.com.br/imovel/casa-de-2-m-na-rua-nair-costa-mattos-cassino-rio-grande-rs-a-venda-por-340000-ou-aluguel-por-300-dia/CA0131-LINL?from=sale,Casa,Rio Grande,Cassino,3 Quartos,1 Suíte,1 Banheiro,4 Vagas,"2 m²
 Área construída",340000
